timestamp,direction,entry_price,exit_price,net_pnl,active_balance
2024-01-01 05:25:00,-1,42436.6,42326.3,0.17582492800428978,5.140659942403432
2024-01-01 07:00:00,-1,42320.9,42462.6,-0.37144073920275456,4.769219203200677
2024-01-01 08:45:00,1,42519.9,42564.0,0.06799676581574626,4.8236166158532745
2024-01-01 12:35:00,1,42647.2,42820.5,0.33172088258890925,5.088993321924402
2024-01-01 13:30:00,1,42725.8,42737.7,-0.01046491880209376,5.078528403122308
2024-01-01 17:45:00,1,42765.9,42839.9,0.12469300873907119,5.178282810113565
2024-01-01 22:25:00,1,43666.9,43528.4,-0.19269585664410557,4.9855869534694595
2024-01-02 02:00:00,1,44965.8,45017.5,0.015812727286706102,4.998237135298824
2024-01-02 05:50:00,1,45211.7,45200.0,-0.035116428131872574,4.963120707166952
2024-01-02 08:10:00,1,45495.5,45699.5,0.1501197315561246,5.083216492411851
2024-01-02 08:50:00,1,45722.4,45849.7,0.07826623973494735,5.145829484199809
2024-01-02 10:45:00,1,45708.2,45562.2,-0.15367672990566347,4.992152754294145
2024-01-02 13:25:00,-1,45525.0,45569.9,-0.0666441309111217,4.925508623383023
2024-01-02 14:45:00,1,45679.1,45220.0,-0.45154563523935126,4.473962988143672
2024-01-02 15:50:00,-1,45314.9,45329.5,-0.011915877730877936,4.462047110412794
2024-01-03 02:30:00,1,45284.4,45385.0,0.09121117906842091,4.535016053667531
2024-01-03 04:30:00,1,45228.5,45168.8,-0.11404488123292947,4.4209711724346015
2024-01-03 05:30:00,-1,45276.0,45310.9,-0.07904755009123005,4.341923622343371
2024-01-03 07:55:00,1,45174.9,45030.4,-0.19876062020191068,4.143163002141461
2024-01-03 09:15:00,-1,45277.9,45298.5,-0.0345615760809169,4.1086014260605435
2024-01-03 13:20:00,-1,42795.8,42480.6,0.027079982778249242,4.130265412283143
2024-01-03 17:25:00,1,42897.4,42794.9,-0.032648245544708035,4.097617166738435
2024-01-03 20:15:00,-1,42454.4,42696.1,-0.0911860594699416,4.006431107268494
2024-01-03 21:45:00,1,42847.8,42920.0,0.031079004014954108,4.031294310480457
2024-01-03 22:45:00,1,42693.3,42730.0,0.01370011852119137,4.0422544052974105
2024-01-03 23:35:00,-1,42702.9,42751.0,-0.04869190472037355,3.993562500577037
2024-01-04 02:20:00,-1,42769.2,42921.2,-0.12358494986162423,3.869977550715413
2024-01-04 04:00:00,1,43031.2,42990.0,-0.03845094768046036,3.8315266030349524
2024-01-04 05:35:00,1,43095.8,43266.8,0.13989545682755378,3.9434429684969956
2024-01-04 07:00:00,1,43146.0,43250.0,0.07333805022562583,4.002113408677496
2024-01-04 13:50:00,1,43242.2,43477.7,0.15198931921902062,4.123704864052712
2024-01-04 14:40:00,1,43318.7,43466.0,0.10146729609892657,4.204878700931854
2024-01-04 19:00:00,1,44025.4,44170.8,0.07306655656810798,4.26333194618634
2024-01-04 20:40:00,-1,44028.1,44337.8,-0.1751238942210242,4.0882080519653154
2024-01-05 00:35:00,-1,44202.4,44054.1,0.10485742555334207,4.172093992407989
2024-01-05 01:15:00,-1,44213.7,43973.2,0.18459113482970727,4.3197669002717545
2024-01-05 03:50:00,1,43432.3,43470.1,0.015451265401158364,4.332127912592681
2024-01-05 04:50:00,-1,43622.6,43574.1,0.02204231425189665,4.349761763994199
2024-01-05 06:45:00,1,43685.2,43768.9,0.06018980258112011,4.397913606059094
2024-01-05 07:10:00,1,43818.4,43844.0,0.007080520903852755,4.403578022782177
2024-01-05 08:20:00,1,43780.9,43911.1,0.09772417266433465,4.481757360913645
2024-01-05 09:30:00,1,44038.8,44088.4,0.02204063089480604,4.49938986562949
2024-01-05 10:25:00,1,44036.0,43946.7,-0.06525684011260625,4.434133025516884
2024-01-05 12:25:00,-1,43854.8,43919.0,-0.05217182420027744,4.3819612013166065
2024-01-05 13:45:00,1,43886.5,43839.8,-0.04109209316731731,4.340869108149289
2024-01-05 17:35:00,-1,43369.2,43509.1,-0.0786064159222533,4.2622626922270355
2024-01-05 18:45:00,1,43538.2,43637.2,0.048617528523334216,4.301156715045702
2024-01-05 23:55:00,1,44034.5,44145.4,0.06001256658662721,4.349166768315004
2024-01-06 03:00:00,-1,43916.9,43823.5,0.10218378006208544,4.430913792364672
2024-01-06 04:50:00,-1,43907.0,43851.7,0.05887623499431833,4.478014780360127
2024-01-06 08:20:00,-1,43606.9,43691.1,-0.09958068688674007,4.378434093473387
2024-01-06 10:10:00,1,43653.6,43617.0,-0.08513732023081869,4.293296773242568
2024-01-06 11:30:00,1,43698.1,43668.1,-0.06253508707346295,4.230761686169106
2024-01-06 16:10:00,1,43838.1,43930.0,0.09914938203512039,4.310081191797202
2024-01-06 21:55:00,-1,43842.4,43881.3,-0.06106231332079627,4.249018878476406
2024-01-07 01:30:00,1,44083.4,44008.4,-0.08691108720471716,4.162107791271689
2024-01-07 02:30:00,1,44019.8,44001.0,-0.034257201082995056,4.127850590188694
2024-01-07 04:40:00,-1,43971.3,44010.0,-0.08340074464489823,4.044449845543796
2024-01-07 05:35:00,1,43994.0,43942.4,-0.10752616530996312,3.936923680233833
2024-01-07 08:25:00,1,44071.5,44133.8,0.06618845058019572,3.9898744406979896
2024-01-07 09:10:00,1,44041.8,43983.9,-0.10262324990244702,3.8872511907955425
2024-01-07 15:35:00,1,44348.9,44123.8,-0.1370122270539483,3.750238963741594
2024-01-07 19:00:00,1,44130.0,44068.6,-0.07907211619088662,3.6711668475507073
2024-01-07 21:25:00,1,44179.2,44228.9,0.028928905331903017,3.6943099718162298
2024-01-08 02:35:00,-1,43793.3,43496.0,0.15936308551380696,3.821800440227275
2024-01-08 04:05:00,-1,43477.7,43552.8,-0.044267177007110525,3.777533263220165
2024-01-08 07:40:00,1,43933.9,43857.4,-0.03352425349474035,3.7440090097254246
2024-01-08 10:30:00,-1,43881.6,43973.1,-0.08390979533618591,3.6600992143892386
2024-01-08 15:20:00,1,44787.5,44803.1,-0.0011045600306813317,3.6589946543585574
2024-01-08 16:30:00,1,44988.1,44926.2,-0.024951381139213677,3.6340432732193437
2024-01-08 19:30:00,1,46694.2,46861.2,0.022275189287350318,3.651863424649224
2024-01-08 23:25:00,1,47087.2,46982.0,-0.04757677066956124,3.6042866539796625
2024-01-09 02:15:00,-1,46574.9,46695.3,-0.052615524778522486,3.5516711292011403
2024-01-09 04:40:00,1,46824.7,46785.4,-0.03146980962402061,3.5202013195771196
2024-01-09 05:15:00,1,46700.1,46754.8,0.02070041806685949,3.5367616540306073
2024-01-09 08:00:00,1,46823.8,46765.6,-0.05604583548011867,3.4807158185504887
2024-01-09 11:30:00,-1,46538.1,46622.6,-0.06130901129295464,3.419406807257534
2024-01-09 12:45:00,1,46674.8,46801.6,0.0550077403302539,3.4634129995217373
2024-01-09 17:25:00,1,46785.2,46777.0,-0.011726711990656266,3.451686287531081
2024-01-09 19:00:00,-1,46622.7,46705.2,-0.0443082074450925,3.4073780800859885
2024-01-09 20:30:00,1,46790.3,46700.7,-0.04766764293436354,3.359710437151625
2024-01-10 00:15:00,-1,46018.8,46181.5,-0.055873701747164765,3.30383673540446
2024-01-10 04:10:00,1,46100.3,46198.9,0.04384255423269909,3.3389107787906194
2024-01-10 04:55:00,1,46115.2,45970.4,-0.10912896626508978,3.2297818125255295
2024-01-10 05:30:00,1,45935.5,45959.8,0.002986485978286794,3.232171001308159
2024-01-10 06:40:00,-1,45988.4,46044.9,-0.05180407433017271,3.180366926977986
2024-01-10 10:10:00,-1,45576.9,45730.8,-0.05360337655308969,3.1267635504248963
2024-01-10 11:55:00,-1,45535.7,45530.2,-0.006594327288045614,3.1201692231368505
2024-01-10 17:20:00,1,45402.6,45585.6,0.03145090522362662,3.145329947315752
2024-01-10 20:15:00,1,45553.8,45784.1,0.024602028530944096,3.165011570140507
2024-01-11 01:50:00,1,46615.0,46545.3,-0.021534431603840547,3.1434771385366664
2024-01-11 05:30:00,-1,46324.7,46278.8,0.01838053419863489,3.1581815658955743
2024-01-11 06:50:00,-1,45914.0,45857.9,0.009922582201726503,3.1661196316569553
2024-01-11 07:15:00,-1,46008.1,46100.0,-0.039454567716268416,3.126665063940687
2024-01-11 10:15:00,1,46212.8,46380.1,0.08017111376320012,3.190801954951247
2024-01-11 11:40:00,1,46857.7,46983.2,0.030357736330691446,3.2150881440158003
2024-01-11 14:00:00,1,47178.0,47649.4,0.13660355377849176,3.3243709870385936
2024-01-11 15:15:00,1,48266.8,47621.5,-0.07787941147388526,3.246491575564708
2024-01-11 15:55:00,1,47237.4,46813.4,-0.041917685099312735,3.2045738904653955
2024-01-11 18:55:00,-1,46201.1,46617.8,-0.07619075256765113,3.1283831378977442
2024-01-11 20:45:00,1,46779.7,46498.7,-0.08588309881504315,3.042500039082701
2024-01-11 23:15:00,-1,46306.5,46408.8,-0.03479564441282545,3.007704394669876
2024-01-12 02:00:00,-1,46138.3,46201.2,-0.01941856121443407,2.988285833455442
2024-01-12 04:05:00,-1,46084.6,45964.8,0.03599144449921345,3.0170789890548124
2024-01-12 04:50:00,-1,46072.2,45889.2,0.06443730756220065,3.068628835104573
2024-01-12 07:15:00,1,45973.0,45960.1,-0.015558242514554642,3.0530705925900183
2024-01-12 09:50:00,-1,46056.8,46034.1,0.0011181925188090795,3.0539651466050657
2024-01-12 10:50:00,1,45911.6,46086.1,0.04567535360658707,3.090505429490335
2024-01-12 11:20:00,1,46003.4,46135.0,0.05166074279292229,3.131834023724673
2024-01-12 12:35:00,1,46074.5,45912.1,-0.0709357935441738,3.060898230180499
2024-01-12 18:30:00,-1,43836.4,43493.0,0.045816023023021596,3.097551048598916
2024-01-12 19:10:00,-1,43594.8,43360.5,0.05296944140396931,3.1399266017220917
2024-01-12 20:25:00,-1,43686.6,43842.5,-0.04475299565856055,3.0951736060635313
2024-01-12 23:10:00,-1,42492.9,42827.9,-0.030088972564923527,3.065084633498608
2024-01-13 04:10:00,-1,42587.2,42694.4,-0.04838663955881449,3.0166979939397933
2024-01-13 08:25:00,1,43124.1,43241.4,0.042886936477077725,3.0510075431214556
2024-01-13 09:10:00,1,43085.6,43040.1,-0.03256235210347243,3.018445191017983
2024-01-13 09:45:00,-1,43045.9,42913.3,0.05055791163488544,3.0588915203258913
2024-01-13 13:25:00,-1,42631.9,42788.0,-0.05380671911906436,3.0050848012068268
2024-01-13 15:55:00,1,43010.0,43159.7,0.04465778749371648,3.0408110312018
2024-01-13 20:05:00,1,42791.1,42738.1,-0.035777195187583065,3.005033836014217
2024-01-13 20:40:00,-1,42834.9,42915.7,-0.04712131043174537,2.9579125255824716
2024-01-14 00:00:00,-1,42846.4,42815.6,0.008726895891477552,2.964894042295654
2024-01-14 03:10:00,-1,42742.2,42793.9,-0.054422103492715417,2.9104719388029383
2024-01-14 07:55:00,1,42899.1,43012.8,0.05444727398928918,2.9540297579943697
2024-01-14 09:20:00,1,42914.9,42894.0,-0.02511039660056147,2.9289193613938083
2024-01-14 13:55:00,-1,42803.4,42894.3,-0.057264891180706275,2.871654470213102
2024-01-14 19:10:00,-1,42900.6,42827.6,0.031321158674337976,2.8967113971525724
2024-01-15 00:45:00,-1,42046.9,42242.8,-0.04068170248476176,2.8560296946678108
2024-01-15 02:50:00,1,42280.9,42385.5,0.03508017952492166,2.884093838287748
2024-01-15 05:55:00,1,42677.5,42746.3,0.02439831320172273,2.9036124888491264
2024-01-15 07:55:00,-1,42635.0,42713.1,-0.06369693042489488,2.8399155584242317
2024-01-15 15:45:00,-1,42395.2,42231.8,0.033571907997776256,2.866773084822453
2024-01-15 17:00:00,-1,42344.8,42595.9,-0.09139058957801811,2.775382495244435
2024-01-15 20:10:00,1,43015.5,43096.5,0.013987548234690795,2.7865725338321874
2024-01-15 20:40:00,1,43035.9,42940.1,-0.04182033765372505,2.7447521961784624
2024-01-15 23:15:00,-1,42609.6,42517.8,0.021973468198759456,2.76233097073747
2024-01-16 01:35:00,1,42659.9,42587.0,-0.037127854675055985,2.725203116062414
2024-01-16 06:10:00,1,42835.1,42740.4,-0.06371430272361302,2.661488813338801
2024-01-16 10:00:00,1,42992.0,42899.0,-0.03254360180221899,2.628945211536582
2024-01-16 13:35:00,1,42986.6,42952.9,-0.017592253162872343,2.6113529583737094
2024-01-16 14:15:00,-1,42889.1,42803.9,0.019073858509500677,2.62661204518131
2024-01-16 16:45:00,1,43013.6,43301.0,0.03655475768358447,2.6558558513281776
2024-01-16 18:45:00,1,43073.1,43017.2,-0.015372276723249404,2.640483574604928
2024-01-16 21:10:00,1,43127.0,43320.6,0.05205162294280404,2.6821248729591716
2024-01-16 22:50:00,1,43318.4,43258.4,-0.02103268975249032,2.6610921832066814
2024-01-17 01:45:00,-1,43158.6,43037.1,0.05538784833323293,2.705402461873268
2024-01-17 03:05:00,-1,43026.5,42956.4,0.02473817271512175,2.7251930000453655
2024-01-17 05:45:00,-1,42896.4,42807.3,0.04125759302711645,2.7581990744670586
2024-01-17 07:00:00,-1,42847.4,42754.8,0.047698215743720074,2.7963576470620346
2024-01-17 09:15:00,-1,42703.3,42800.8,-0.04584702876187653,2.750510618300158
2024-01-17 11:40:00,1,42776.8,42734.1,-0.025525584014640914,2.724985034285517
2024-01-17 12:30:00,-1,42649.5,42598.4,0.016136515147726703,2.737894246403698
2024-01-17 18:45:00,-1,42398.4,42510.4,-0.035763039588878914,2.702131206814819
2024-01-17 20:30:00,1,42662.4,42754.7,0.02887409340565137,2.72523048153934
2024-01-18 00:55:00,1,42711.8,42671.1,-0.029194574783385233,2.696035906755955
2024-01-18 02:25:00,-1,42595.2,42695.0,-0.058597858434075056,2.63743804832188
2024-01-18 05:15:00,1,42663.1,42739.0,0.04705095230498425,2.6750788101658673
2024-01-18 07:00:00,1,42790.0,42875.0,0.039035356476426655,2.7063070953470088
2024-01-18 08:45:00,1,42869.2,42771.6,-0.0674845179341963,2.6388225774128125
2024-01-18 09:15:00,-1,42771.2,42740.9,0.009072358237377082,2.646080464002714
2024-01-18 12:05:00,-1,42515.3,42456.9,0.015736318211280728,2.6586695185717386
2024-01-18 13:50:00,-1,42420.0,42618.0,-0.10039211592477895,2.5582774026469597
2024-01-18 17:40:00,-1,42101.0,41875.1,0.030129364652500656,2.5823808943689603
2024-01-18 18:45:00,-1,41559.3,41505.5,0.005668296700943324,2.5869155317297152
2024-01-18 19:45:00,-1,41548.1,41310.3,0.04169914817743787,2.6202748502716657
2024-01-18 20:55:00,-1,41144.4,40847.4,0.04320470240477186,2.654838612195483
2024-01-18 22:00:00,-1,41209.6,41222.0,-0.0048692507892912195,2.6499693614061917
2024-01-19 00:30:00,1,41209.9,41231.6,0.0017302509139034946,2.6513535621373143
2024-01-19 01:15:00,1,41228.9,41204.5,-0.013494380705504327,2.63785918143181
2024-01-19 04:35:00,-1,41170.3,41143.1,0.0030803156390023477,2.640323433943012
2024-01-19 06:05:00,1,41207.5,41253.7,0.018278424259664486,2.654946173350744
2024-01-19 08:15:00,1,41320.1,41230.5,-0.0370069407634649,2.617939232587279
2024-01-19 12:20:00,1,41404.0,41352.8,-0.034040618592101134,2.583898613995178
2024-01-19 18:00:00,-1,41062.4,41186.6,-0.01971564231209348,2.5641829716830844
2024-01-19 20:30:00,1,41900.0,42005.9,0.019199484809218677,2.5795425595304593
2024-01-19 21:30:00,1,41618.1,41614.9,-0.003923188272000017,2.575619371258459
2024-01-20 00:35:00,-1,41691.1,41491.1,0.06841826210259741,2.630353980940537
2024-01-20 01:25:00,-1,41588.5,41615.1,-0.018779803746285115,2.611574177194252
2024-01-20 01:35:00,-1,41674.7,41664.0,-0.0024892177334817677,2.6090849594607706
2024-01-20 12:45:00,1,41574.8,41656.1,0.049995724373886906,2.64908153895988
2024-01-20 15:35:00,-1,41554.6,41636.4,-0.05899717469399531,2.5900843642658846
2024-01-21 02:25:00,-1,41675.0,41711.9,-0.041779270000175624,2.548305094265709
2024-01-21 07:40:00,-1,41616.0,41648.1,-0.04887489800938384,2.4994301962563252
2024-01-21 10:15:00,1,41712.9,41770.1,0.03926048747977966,2.530838586240149
2024-01-21 10:45:00,1,41752.7,41810.5,0.0326504804679934,2.5569589706145437
2024-01-21 11:30:00,1,41768.6,41737.8,-0.030520983015514064,2.5264379875990297
2024-01-21 16:50:00,-1,41625.0,41590.0,0.008870782579072438,2.5335346136622876
2024-01-21 17:25:00,-1,41649.9,41684.9,-0.02979193075329415,2.5037426829089933
2024-01-21 20:50:00,1,41722.1,41620.2,-0.10883781004844653,2.394904872860547
2024-01-21 23:10:00,-1,41661.2,41580.0,0.04643326262849677,2.4320514829633444
2024-01-22 00:25:00,-1,41636.8,41539.7,0.04525126177597563,2.4682524923841247
2024-01-22 05:45:00,-1,40939.0,41093.9,-0.039936032200972624,2.428316460183152
2024-01-22 07:35:00,1,41116.0,41050.0,-0.024210791248508175,2.404105668934644
2024-01-22 10:20:00,-1,41011.1,40656.0,0.0857696096738108,2.4727213566736927
2024-01-22 14:20:00,1,40882.7,40647.2,-0.057751042294765687,2.414970314378927
2024-01-22 17:20:00,-1,40545.2,40718.6,-0.029681505994599136,2.385288808384328
2024-01-22 20:15:00,-1,39925.1,40122.2,-0.02049624123691732,2.364792567147411
2024-01-22 22:40:00,-1,40009.2,39775.8,0.04412851516405032,2.400095379278651
2024-01-23 00:45:00,-1,39730.7,39830.0,-0.024003810390028395,2.3760915688886226
2024-01-23 04:05:00,1,39996.0,40097.2,0.03332065892101539,2.402748096025435
2024-01-23 06:00:00,1,40055.1,40018.6,-0.029450929197053916,2.3732971668283813
2024-01-23 09:55:00,-1,39242.8,38964.5,0.03372873089593623,2.40028015154513
2024-01-23 10:45:00,-1,39120.1,38964.2,0.021518655562260278,2.4174950759949385
2024-01-23 13:05:00,-1,39014.9,39017.0,-0.003202185506148599,2.41429289048879
2024-01-23 18:10:00,1,39457.0,39539.9,0.011544875842509999,2.423528791162798
2024-01-23 19:10:00,1,39440.7,39150.0,-0.058885311951063835,2.3646434792117343
2024-01-23 20:05:00,-1,39193.7,39275.1,-0.020677845971202934,2.3439656332405314
2024-01-23 22:05:00,-1,39131.6,39302.9,-0.041908244312112736,2.302057388928419
2024-01-24 02:10:00,1,40009.0,39770.7,-0.06224577154822812,2.2398116173801905
2024-01-24 05:25:00,-1,39661.6,39781.8,-0.043355637226027054,2.1964559801541634
2024-01-24 10:20:00,1,39953.5,40107.1,0.04374431214912401,2.2314514298734625
2024-01-24 15:25:00,-1,40022.0,40011.1,-0.0011445001571106267,2.230306929716352
2024-01-24 18:05:00,1,40083.5,39990.2,-0.030990001410425797,2.1993169283059264
2024-01-24 18:45:00,-1,39816.9,39765.5,0.007113230617219532,2.205007512799702
2024-01-24 20:45:00,-1,39797.4,39582.9,0.062483106629231226,2.254993998103087
2024-01-24 22:15:00,-1,39790.7,39833.4,-0.01556097405210175,2.239433024050985
2024-01-25 00:35:00,1,40016.2,40116.1,0.034828321884088326,2.267295681558256
2024-01-25 01:50:00,1,40095.4,39947.9,-0.06901158063189819,2.1982841009263576
2024-01-25 06:05:00,-1,39864.2,39922.7,-0.03393273942792175,2.164351361498436
2024-01-25 07:15:00,1,39989.5,40017.1,0.005164775631130605,2.1684831820033406
2024-01-25 09:55:00,1,40085.0,40023.4,-0.03874522977022493,2.1297379522331155
2024-01-25 10:50:00,-1,40022.7,40092.3,-0.03977171539801651,2.089966236835099
2024-01-25 12:10:00,1,40224.9,40119.2,-0.04065157040151932,2.0493146664335797
2024-01-25 12:35:00,1,40034.0,39897.9,-0.0417786793051523,2.0075359871284273
2024-01-25 14:30:00,-1,39933.2,40060.7,-0.03274903613318508,1.9747869509952423
2024-01-25 17:00:00,-1,39786.2,39650.1,0.022849478423352967,1.9930665337339246
2024-01-25 17:45:00,-1,39745.5,39811.9,-0.01951526332023064,1.973551270413694
2024-01-25 20:50:00,1,39860.1,39706.2,-0.05607962347990558,1.9174716469337882
2024-01-26 00:50:00,1,39903.3,39905.6,-0.005923642588204924,1.9115480043455833
2024-01-26 04:25:00,1,40077.7,40144.9,0.017281245037196052,1.9253730003753402
2024-01-26 05:55:00,1,40128.8,40091.3,-0.027416773225427557,1.8979562271499126
2024-01-26 08:20:00,-1,39972.6,40110.5,-0.06528892327341095,1.8326673038765018
2024-01-26 14:15:00,1,41096.1,41271.9,0.021269216016929573,1.8496826766900454
2024-01-26 16:05:00,1,41283.2,41528.9,0.03221122322908975,1.8754516552733171
2024-01-26 17:40:00,1,41753.7,41906.3,0.019515398490291557,1.8910639740655504
2024-01-26 20:05:00,1,41991.7,42143.1,0.0283298262928908,1.913727835099863
2024-01-27 00:40:00,-1,41782.0,41745.1,0.007584620554456023,1.9197955315434279
2024-01-27 01:25:00,-1,41799.7,41862.5,-0.025719214730447387,1.8940763168129804
2024-01-27 01:35:00,-1,41904.0,41859.9,0.009970213501771954,1.902052487614398
2024-01-27 05:40:00,-1,41809.4,41762.0,0.019523648672016766,1.9176714065520115
2024-01-27 08:00:00,-1,41662.3,41620.3,0.01146823501908506,1.9268459945672796
2024-01-27 09:30:00,-1,41526.7,41607.4,-0.023168911878311917,1.9036770826889677
2024-01-27 09:55:00,-1,41687.1,41656.4,0.0030229782403766343,1.906095465281269
2024-01-27 10:40:00,1,41702.3,41755.4,0.011792930534255664,1.9155298097086735
2024-01-27 17:45:00,1,41797.0,41790.3,-0.014345174351446598,1.9011846353572268
2024-01-28 00:15:00,1,42121.5,42011.3,-0.051682712023398344,1.8495019233338286
2024-01-28 01:20:00,-1,42078.6,42167.5,-0.043838383073112636,1.805663540260716
2024-01-28 06:00:00,1,42566.7,42453.2,-0.022382456515410355,1.7832810837453057
2024-01-28 07:10:00,-1,42388.5,42447.0,-0.01919908912362547,1.7640819946216801
2024-01-28 08:25:00,-1,42515.2,42481.8,0.005328109847422225,1.768344482499618
2024-01-28 10:40:00,1,42505.7,42619.4,0.02692227074732588,1.7898822990974788
2024-01-28 11:25:00,1,42584.9,42481.1,-0.04015249868550729,1.7497298004119715
2024-01-28 14:55:00,1,42440.2,42271.3,-0.05319851418432492,1.6965312862276465
2024-01-28 15:35:00,-1,42348.6,42262.7,0.017389451807845294,1.7104428476739226
2024-01-28 17:05:00,-1,42307.0,42174.8,0.02469097380463441,1.7301956267176302
2024-01-28 18:45:00,-1,42083.0,42006.6,0.013848459890641865,1.7412743946301437
2024-01-28 21:40:00,-1,41900.8,41902.8,-0.003884618261402671,1.737389776368741
2024-01-29 01:10:00,1,41903.3,42070.3,0.03694968708857427,1.7669495260396004
2024-01-29 02:05:00,1,42141.5,42188.4,0.007731118271805641,1.773134420657045
2024-01-29 04:40:00,1,42331.8,42214.5,-0.03499450941972226,1.7381399112373228
2024-01-29 06:40:00,-1,42165.7,42124.7,0.010541535579622667,1.746573139701021
2024-01-29 10:35:00,1,42234.9,42296.4,0.010908170403580846,1.7552996760238855
2024-01-29 12:05:00,1,42289.2,42351.8,0.015311721349363122,1.767549053103376
2024-01-29 12:45:00,1,42250.9,42071.6,-0.060304467116027265,1.7072445859873486
2024-01-29 13:45:00,-1,42022.8,41956.9,0.010738989084925946,1.7158357772552895
2024-01-29 14:20:00,-1,42041.7,41945.7,0.01742344992076453,1.729774537191901
2024-01-29 15:40:00,-1,42042.9,42082.7,-0.011175229475145048,1.718599307716756
2024-01-29 19:15:00,1,42951.6,43109.9,0.017883634686717345,1.7329062154661299
2024-01-29 20:20:00,1,42986.7,43051.5,0.011071105912975755,1.7417631001965106
2024-01-29 21:30:00,1,43057.1,43181.5,0.02745830126713629,1.7637297412102195
2024-01-29 22:45:00,1,43084.1,43091.0,-0.003277170239422113,1.7604525709707974
2024-01-30 02:00:00,1,43387.1,43490.4,0.015765356433335924,1.7730648561174662
2024-01-30 04:45:00,1,43438.8,43419.9,-0.012321618706780162,1.7607432374106862
2024-01-30 05:45:00,-1,43394.8,43350.0,0.0126559101015307,1.7708679654919108
2024-01-30 06:30:00,-1,43380.5,43315.2,0.02400503074518158,1.7900719900880562
2024-01-30 08:25:00,-1,43430.0,43419.4,-0.002267073807591552,1.7878049162804646
2024-01-30 09:50:00,1,43385.3,43321.1,-0.028112381125260322,1.7596925351552042
2024-01-30 13:10:00,-1,43401.4,43237.6,0.01817449597926605,1.774232131938617
2024-01-30 17:30:00,1,43393.1,43361.0,-0.01062607681956513,1.7636060551190518
2024-01-31 00:15:00,-1,43002.2,42841.4,0.020863433479961082,1.7802968019030205
2024-01-31 01:15:00,-1,42984.9,42831.8,0.023199392077242927,1.798856315564815
2024-01-31 03:20:00,-1,42865.6,42943.7,-0.023267826219896585,1.7755884893449183
2024-01-31 05:00:00,1,42926.0,42971.1,0.011565561682627082,1.78484093869102
2024-01-31 05:40:00,1,42920.9,42990.9,0.027343517709664387,1.8067157528587514
2024-01-31 07:00:00,1,42940.8,42935.1,-0.010299645923109032,1.7964161069356424
2024-01-31 12:40:00,-1,42566.5,42655.0,-0.021095108300629644,1.7753209986350127
2024-01-31 16:45:00,1,43326.0,43481.0,0.01765040877205998,1.7894413256526607
2024-01-31 19:20:00,1,43502.5,43206.1,-0.05727377738624446,1.7321675482664163
2024-01-31 20:30:00,-1,43010.0,42851.1,0.013529321131066325,1.7429910051712694
2024-02-01 03:25:00,-1,42033.4,42016.1,7.110735328540348e-05,1.7430478910538978
2024-02-01 05:10:00,-1,42104.1,42137.2,-0.011810343869452233,1.7312375471844454
2024-02-01 07:15:00,1,42169.9,42212.9,0.010001117379683537,1.7392384410881923
2024-02-01 08:25:00,1,42118.4,42149.0,0.00718497386988075,1.7449864201840968
2024-02-01 16:30:00,1,42685.3,42438.7,-0.03728372184150112,1.7077026983425956
2024-02-01 19:40:00,1,42787.1,42983.9,0.029211775167807628,1.7310721184768416
2024-02-01 20:45:00,1,43068.5,42957.0,-0.02194660416697942,1.7091255143098623
2024-02-01 22:15:00,1,43062.9,43001.4,-0.01417393915754512,1.6949515751523172
2024-02-02 00:00:00,-1,43058.1,43052.0,-0.0035348459116539763,1.6914167292406632
2024-02-02 03:15:00,-1,43084.0,43034.0,0.010559375607483323,1.69986422972665
2024-02-02 04:40:00,-1,43037.1,42975.9,0.02573796906120173,1.7204546049756113
2024-02-02 05:55:00,-1,43073.3,43091.2,-0.01641710525981885,1.7040374997157925
2024-02-02 07:50:00,1,43114.0,43109.1,-0.006034460993168398,1.6980030387226241
2024-02-02 10:35:00,-1,42986.6,43074.5,-0.038542336516944165,1.65946070220568
2024-02-02 13:20:00,1,43049.9,43040.5,-0.007987174030738252,1.6514735281749418
2024-02-02 14:45:00,-1,42769.3,42843.0,-0.012677565607601323,1.6387959625673405
2024-02-02 17:50:00,1,43258.6,42981.1,-0.04609320990269396,1.5927027526646464
2024-02-02 19:55:00,-1,42955.0,43044.1,-0.0215265589555979,1.5711761937090485
2024-02-02 21:20:00,-1,43000.0,43025.1,-0.012782669898537297,1.558393523810511
2024-02-02 22:00:00,1,42985.6,42985.3,-0.00698026233503526,1.5514132614754759
2024-02-02 23:45:00,1,43124.3,43164.1,0.0062147855372123246,1.5563850899052458
2024-02-03 02:00:00,1,43222.4,43172.2,-0.024052066651637893,1.5323330232536079
2024-02-03 05:05:00,-1,43182.8,43136.4,0.016276351165327392,1.5453541041858698
2024-02-03 10:30:00,1,43068.0,43060.8,-0.015654070877747055,1.5297000333081228
2024-02-03 15:30:00,-1,43093.0,43044.9,0.009972111747611406,1.537677722706212
2024-02-03 17:40:00,1,43067.6,43176.9,0.0301460007966369,1.5617945233435215
2024-02-03 22:35:00,-1,43046.3,43058.8,-0.02308344955204908,1.5387110737914724
2024-02-04 02:10:00,1,43005.1,43028.5,0.003537789497002135,1.541541305389074
2024-02-04 04:05:00,1,42991.1,42971.9,-0.062340684032345134,1.479200621356729
2024-02-04 09:00:00,-1,42802.8,42764.2,0.0125014619727024,1.489201790934891
2024-02-04 09:35:00,-1,42883.4,42915.1,-0.021519863868002996,1.467681927066888
2024-02-04 10:25:00,1,42890.0,42923.4,0.00482821283271931,1.4715444973330634
2024-02-04 11:55:00,1,43008.7,43041.6,0.005331801926890931,1.475809938874576
2024-02-04 13:30:00,1,42996.7,42987.7,-0.010334093406099771,1.4654758454684762
2024-02-04 21:30:00,1,42839.9,42886.9,0.005392628144283391,1.469789947983903
2024-02-04 22:05:00,1,42794.4,42752.6,-0.012040463200717996,1.457749484783185
2024-02-05 01:55:00,-1,42407.5,42513.6,-0.02231876253303343,1.4354307222501514
2024-02-05 03:25:00,-1,42480.2,42559.4,-0.037528226289422276,1.3979024959607291
2024-02-05 05:45:00,1,42659.5,42732.6,0.01620127070199688,1.4108635125223266
2024-02-05 07:15:00,1,42788.4,42836.8,0.010776717807770668,1.419484886768543
2024-02-05 10:00:00,1,43064.9,43175.2,0.016242015312844513,1.4324784990188186
2024-02-05 12:00:00,1,43106.5,43184.0,0.012628738830545489,1.442581490083255
2024-02-05 13:55:00,1,43402.6,43434.7,0.0024228399178499393,1.444519762017535
2024-02-05 18:05:00,-1,42813.8,42607.8,0.0808308298510467,1.5091844258983724
2024-02-05 23:20:00,-1,42479.7,42609.9,-0.03388489541082983,1.4752995304875427
2024-02-06 01:20:00,1,42593.6,42680.7,0.024988528168167885,1.495290353022077
2024-02-06 02:05:00,1,42650.5,42770.6,0.031814776767587934,1.5207421744361473
2024-02-06 02:30:00,1,42722.8,42779.0,0.010117690227633671,1.5288363266182543
2024-02-06 04:25:00,1,42833.2,42899.7,0.013697574385116863,1.539794386126348
2024-02-06 05:05:00,1,42816.7,42775.8,-0.019132581608039965,1.520661804518308
2024-02-06 07:05:00,-1,42695.4,42774.0,-0.03995523201530363,1.4807065725030044
2024-02-06 10:40:00,1,42915.1,42833.9,-0.024097345629251,1.4566092268737534
2024-02-06 12:00:00,-1,42823.9,42874.7,-0.00960981986977865,1.4469994070039747
2024-02-06 12:50:00,-1,42843.1,42650.9,0.04247718216215775,1.480981152733701
2024-02-06 13:30:00,-1,42922.0,42885.3,0.003385343147163937,1.483689427251432
2024-02-06 15:15:00,1,42974.1,43083.8,0.01991288085601238,1.4996197319362419
2024-02-06 17:10:00,1,43268.6,43114.4,-0.028875246004572384,1.4707444859316694
2024-02-06 18:35:00,1,43174.7,43067.6,-0.033405014520791976,1.4373394714108774
2024-02-06 20:30:00,1,43185.4,43101.8,-0.023627817080524426,1.413711654330353
2024-02-07 01:20:00,-1,43091.5,43122.0,-0.014855362085117407,1.3988562922452354
2024-02-07 02:20:00,-1,43073.4,43041.9,0.005592876602303885,1.4033305935270786
2024-02-07 05:20:00,-1,42910.2,42961.4,-0.018538628978229717,1.384791964548849
2024-02-07 06:25:00,1,42955.5,42913.3,-0.022280780096018422,1.3625111844528304
2024-02-07 08:40:00,-1,42934.6,42946.1,-0.012214336485416472,1.350296847967414
2024-02-07 10:05:00,1,43076.8,43113.5,0.004892334226062391,1.3542107153482639
2024-02-07 10:55:00,1,42863.1,42882.5,0.0005753416168986477,1.3546709886417827
2024-02-07 11:30:00,-1,42929.9,42897.8,0.003726683662945248,1.3576523355721388
2024-02-07 12:55:00,-1,42967.1,43056.5,-0.034465978423640214,1.3231863571484985
2024-02-07 13:10:00,1,43031.8,43075.0,0.008672386974878417,1.3301242667284012
2024-02-07 20:00:00,1,43590.8,43721.4,0.01878335498996304,1.3451509507203716
2024-02-07 23:45:00,1,44167.2,44258.9,0.012513014759820851,1.3551613625282284
2024-02-08 02:00:00,1,44500.3,44674.9,0.02107429828811828,1.372020801158723
2024-02-08 04:40:00,-1,44570.5,44501.7,0.01583505059380655,1.3846888416337682
2024-02-08 05:40:00,-1,44515.2,44568.9,-0.027005482080452746,1.3576833595533153
2024-02-08 06:45:00,-1,44541.8,44449.9,0.022227985961796884,1.3754657483227528
2024-02-08 07:30:00,-1,44500.1,44506.9,-0.007424940031085298,1.3680408082916675
2024-02-08 12:00:00,1,44771.9,44696.7,-0.01906223587442223,1.3489785724172454
2024-02-08 15:15:00,1,44982.2,45167.0,0.01661183942466194,1.362268043956975
2024-02-08 16:45:00,1,45296.0,45071.6,-0.0271132594494527,1.3351547845075222
2024-02-08 22:05:00,1,45363.5,45290.1,-0.010580485397484369,1.3245742991100378
2024-02-09 00:15:00,-1,45316.0,45368.0,-0.014167412352189658,1.310406886757848
2024-02-09 04:05:00,1,46046.9,46103.7,0.003032300835692726,1.3128327274264022
2024-02-09 06:20:00,1,46175.0,46200.2,0.0012267688146193481,1.3138141424780978
2024-02-09 07:25:00,1,46201.4,46301.7,0.016555968356686795,1.3270589171634473
2024-02-09 10:15:00,1,46564.8,46654.8,0.008846207674828115,1.3341358833033097
2024-02-09 12:40:00,1,47267.3,47443.6,0.011001319442267376,1.3429369388571235
2024-02-09 13:15:00,1,47309.4,47395.0,0.004656369508065502,1.346662034463576
2024-02-09 14:05:00,1,47446.0,47612.1,0.016369942306264706,1.3597579883085877
2024-02-09 14:25:00,1,46818.2,46920.0,0.006217996794823107,1.3647323857444462
2024-02-09 19:15:00,1,47830.2,47414.9,-0.03292882693597926,1.331803558808467
2024-02-09 20:20:00,-1,47611.9,47581.3,0.001093379023437585,1.332678262027217
2024-02-10 00:35:00,-1,47200.0,47030.0,0.025178788581940843,1.3528212928927696
2024-02-10 01:45:00,-1,47185.2,47274.5,-0.019495316230689733,1.33332597666208
2024-02-10 03:00:00,1,47271.7,47316.4,0.007162084453997961,1.3390556442252783
2024-02-10 07:25:00,-1,47305.1,47249.3,0.01116870705649699,1.347990609870476
2024-02-10 08:35:00,-1,47230.5,47155.0,0.018186839629484967,1.3625400815740638
2024-02-10 12:50:00,1,47152.6,47220.9,0.011362360292514726,1.3716299698080756
2024-02-10 13:45:00,1,47114.7,47328.6,0.05783800299832169,1.417900372206733
2024-02-10 14:10:00,1,47280.1,47330.2,0.007872582417257887,1.4241984381405393
2024-02-10 16:25:00,1,47277.5,47234.9,-0.014774776313678616,1.4094236618268607
2024-02-10 18:25:00,-1,47216.4,47245.7,-0.013008809547741945,1.3964148522791189
2024-02-10 20:15:00,1,47511.2,47573.0,0.007640586268001858,1.4025273212935203
2024-02-10 21:25:00,1,47784.6,48061.3,0.026341350855784647,1.423600401978148
2024-02-11 01:25:00,-1,47755.0,47588.6,0.031397956022972975,1.4487187667965264
2024-02-11 06:35:00,1,48288.8,48165.9,-0.01709085796380953,1.4316279088327168
2024-02-11 08:05:00,-1,48169.6,48240.0,-0.019675867656693442,1.4119520411760234
2024-02-11 10:05:00,-1,48190.0,48186.0,-0.004177143606779074,1.4077748975692443
2024-02-11 13:15:00,1,48330.6,48229.1,-0.019247266790971662,1.3885276307782726
2024-02-11 13:40:00,-1,48162.2,48109.9,0.006134719876623515,1.3934354066795713
2024-02-11 15:25:00,-1,48155.7,48041.4,0.015244243843555867,1.4056308017544161
2024-02-11 16:00:00,-1,48144.5,48191.2,-0.014079318951549794,1.3915514828028663
2024-02-11 18:35:00,1,48102.5,48132.4,0.0021498670832672062,1.3932713764694802
2024-02-11 20:35:00,1,48227.5,48152.2,-0.023878258817170615,1.3693931176523095
2024-02-11 22:20:00,-1,48126.8,48198.3,-0.017448879344698378,1.3519442383076112
2024-02-12 04:00:00,-1,48214.4,48101.5,0.01682675454398617,1.3654056419428002
2024-02-12 06:35:00,-1,48138.9,48118.3,0.00046231126924845944,1.365775490958199
2024-02-12 08:30:00,1,48254.3,48292.9,0.00229377540736644,1.3676105112840922
2024-02-12 08:50:00,1,48100.1,48152.8,0.0077937068375200915,1.3738454767541082
2024-02-12 12:50:00,-1,47906.0,47956.6,-0.01383582808439945,1.3600096486697086
2024-02-12 14:05:00,1,47919.1,48052.7,0.02684913853457123,1.3814889594973656
2024-02-12 19:30:00,1,49726.4,49762.9,0.0014138489140798215,1.3826200386286294
2024-02-12 20:20:00,-1,49866.1,49867.7,-0.0023201354910519544,1.3802999031375773
2024-02-12 22:05:00,1,49835.3,49910.4,0.006631229307582346,1.3856048865836432
2024-02-12 23:20:00,1,49949.2,49909.2,-0.010001838974057363,1.375603047609586
2024-02-13 05:30:00,-1,49943.0,49930.8,-0.0017868857111217034,1.3738161618984643
2024-02-13 08:30:00,1,49989.3,50142.2,0.03163228152323441,1.399121987117052
2024-02-13 09:55:00,1,50094.8,50237.7,0.02751957147116163,1.4211376442939812
2024-02-13 13:25:00,-1,49939.1,49774.9,0.03010362296561995,1.445220542666477
2024-02-13 16:10:00,-1,48963.3,48720.3,0.011345737641106425,1.4542971327793621
2024-02-13 18:00:00,-1,48803.3,48977.2,-0.021270870667179323,1.4330262621121828
2024-02-13 23:40:00,1,49530.4,49609.1,0.0077425093213632865,1.4392202695692733
2024-02-14 00:40:00,1,49580.0,49459.3,-0.027891952727772625,1.4113283168415007
2024-02-14 01:40:00,-1,49432.9,49363.4,0.009009101078182969,1.418535597704047
2024-02-14 02:40:00,-1,49482.0,49516.9,-0.010303278052869451,1.4082323196511777
2024-02-14 05:00:00,-1,49412.8,49438.5,-0.009811255687514911,1.3984210639636627
2024-02-14 06:55:00,1,49600.1,49642.7,0.005317962820212054,1.4026754342198324
2024-02-14 07:20:00,1,49660.5,49695.2,0.0035198425866607933,1.4054913082891611
2024-02-14 11:50:00,1,51331.1,51669.4,0.03525413628161792,1.4336946173144556
2024-02-14 20:10:00,-1,51676.8,51804.5,-0.019161344980278796,1.4145332723341768
2024-02-14 21:10:00,1,51680.6,51569.5,-0.018734633138776127,1.3957986391954007
2024-02-14 22:55:00,1,51637.0,51816.1,0.024743916915676817,1.4155937727279422
2024-02-14 23:35:00,1,51797.0,51876.4,0.011792358326372501,1.42502765938904
2024-02-15 00:05:00,1,51785.4,51888.5,0.016354521496397004,1.4381112765861577
2024-02-15 01:20:00,1,52208.4,52013.4,-0.020400357280608298,1.4177109193055493
2024-02-15 01:35:00,1,51762.5,51901.2,0.010224663605886614,1.4258906501902586
2024-02-15 07:35:00,-1,52100.0,51942.9,0.025712128177796393,1.4464603527324957
2024-02-15 08:55:00,-1,51861.0,51960.1,-0.01797705498783811,1.4284832977446575
2024-02-15 19:05:00,-1,52061.9,51921.9,0.012707175079046423,1.4386490378078947
2024-02-15 20:55:00,-1,51779.7,51703.6,0.0064346595005815126,1.4437967654083599
2024-02-15 22:35:00,-1,51689.9,51755.0,-0.008976922182712638,1.4348198432256472
2024-02-16 00:40:00,1,51855.3,51989.0,0.026021088387820104,1.4556367139359032
2024-02-16 02:10:00,1,51972.5,52165.2,0.030015074398663064,1.4796487734548336
2024-02-16 03:35:00,1,52157.6,52297.2,0.025610640995299885,1.5001372862510736
2024-02-16 05:30:00,1,52228.0,52159.8,-0.017765727629661457,1.4823715586214121
2024-02-16 06:40:00,-1,52110.9,52036.3,0.016279025914503392,1.495394779353015
2024-02-16 07:30:00,-1,51970.1,51900.1,0.010475631041384971,1.503775284186123
2024-02-16 09:05:00,-1,51916.3,51698.1,0.03505260773257048,1.5318173703721794
2024-02-16 12:55:00,1,52230.0,52416.8,0.02616347222569238,1.5527481481527332
2024-02-16 14:50:00,-1,52223.0,51839.9,0.032045541838641854,1.5783845816236466
2024-02-16 15:30:00,-1,51853.1,51747.2,0.007561928201079652,1.5844341241845104
2024-02-16 16:25:00,-1,52176.9,52144.9,0.0012500995890791502,1.5854342038557736
2024-02-16 18:40:00,-1,52004.9,51982.9,0.00018556727362332602,1.5855826576746723
2024-02-16 21:10:00,-1,51848.8,51882.2,-0.008640431203505093,1.5769422264711672
2024-02-17 01:05:00,1,52090.2,52024.3,-0.021954700980829165,1.554987525490338
2024-02-17 02:10:00,-1,52002.9,52029.6,-0.014034907131493787,1.5409526183588442
2024-02-17 04:25:00,-1,51990.4,52008.0,-0.01389121727346765,1.5270614010853765
2024-02-17 05:35:00,1,51996.2,51893.2,-0.05842539347669734,1.468636007608679
2024-02-17 06:05:00,-1,51921.6,51956.0,-0.018390355329559956,1.4502456522791192
2024-02-17 07:55:00,1,51957.6,51933.9,-0.021570544424223168,1.428675107854896
2024-02-17 11:10:00,-1,51719.2,51772.4,-0.015428132881346842,1.4132469749735492
2024-02-17 16:10:00,-1,50934.1,50857.3,0.004617127196454476,1.416940676730713
2024-02-17 17:20:00,-1,51097.4,51192.7,-0.024379867240807783,1.3925608094899051
2024-02-17 20:35:00,1,51376.6,51441.1,0.011165366024683912,1.4014931023096522
2024-02-17 22:20:00,1,51782.2,51874.7,0.00830206382886647,1.4081347533727453
2024-02-18 03:50:00,-1,51446.7,51499.8,-0.011644164970891059,1.3964905884018541
2024-02-18 04:30:00,-1,51566.7,51561.2,-0.003547741453367742,1.3929428469484864
2024-02-18 05:10:00,1,51568.7,51634.6,0.012419024624598225,1.4028780666481648
2024-02-18 06:45:00,1,51619.3,51443.5,-0.05124572674770417,1.3516323399004606
2024-02-18 09:40:00,1,51873.4,51937.9,0.009293746282160101,1.3590673369261888
2024-02-18 11:05:00,1,51905.3,51823.0,-0.01793777033963802,1.3411295665865508
2024-02-18 12:20:00,-1,51838.4,51894.5,-0.021458373089013466,1.3196711934975374
2024-02-18 13:30:00,-1,51654.8,51612.8,0.003980105936472923,1.3228552782467158
2024-02-18 16:00:00,1,51791.0,51770.7,-0.007834392092466948,1.3150208861542487
2024-02-18 19:25:00,-1,51820.5,51853.5,-0.011318822204561818,1.3037020639496868
2024-02-19 02:25:00,-1,52090.0,52177.9,-0.017147320431648096,1.2865547435180387
2024-02-19 04:40:00,-1,52104.0,52172.6,-0.027421297131402476,1.2591334463866362
2024-02-19 05:30:00,-1,52081.4,52103.9,-0.011138242324143722,1.2479952040624924
2024-02-19 08:40:00,1,52424.9,52252.2,-0.027240287695329657,1.2207549163671627
2024-02-19 12:00:00,1,52380.0,52303.0,-0.01525474209906974,1.205500174268093
2024-02-19 13:15:00,1,52339.1,52350.1,-0.0015262020617140043,1.2039739722063791
2024-02-19 17:30:00,-1,51960.0,52089.0,-0.015561541693425837,1.1884124305129533
2024-02-19 18:45:00,1,52134.5,52028.7,-0.015243325405699832,1.1731691051072535
2024-02-19 21:35:00,-1,51950.2,51796.0,0.026071835741801823,1.194026573700695
2024-02-19 22:15:00,-1,51925.6,52060.9,-0.028425890116952648,1.1656006835837422
2024-02-20 00:20:00,-1,51849.3,51759.1,0.012173572096432876,1.1753395412608885
2024-02-20 02:15:00,-1,51633.1,51725.9,-0.011227117553441522,1.164112423707447
2024-02-20 03:55:00,1,51660.3,51608.9,-0.012241716943273412,1.1518707067641736
2024-02-20 05:05:00,1,51809.4,51836.0,0.0010463931328048058,1.1527078212704174
2024-02-20 07:50:00,1,51986.7,51887.3,-0.026607556487726683,1.1261002647826908
2024-02-20 09:00:00,-1,51823.8,51843.0,-0.005120424618716245,1.1209798401639746
2024-02-20 10:15:00,-1,51792.8,51940.0,-0.02080236729347551,1.1001774728704992
2024-02-20 11:55:00,1,52291.9,52325.8,0.0014744094552843964,1.1013570004347266
2024-02-20 14:25:00,1,52091.0,52297.4,0.007938969973368987,1.1077081764134218
2024-02-20 18:35:00,-1,51360.1,51431.1,-0.005495730653990572,1.1022124457594311
2024-02-20 18:55:00,-1,51541.6,51535.0,-0.00146201440300284,1.1007504313564282
2024-02-20 19:20:00,1,51486.9,51578.6,0.009483882035864581,1.1083375369851198
2024-02-20 21:20:00,1,51963.9,52150.1,0.016351471377709956,1.1214187140872878
2024-02-21 05:10:00,-1,51981.5,52093.9,-0.03261746122369749,1.0888012528635902
2024-02-21 13:30:00,1,51128.1,50972.5,-0.015683404532304417,1.0731178483312858
2024-02-21 17:50:00,1,51215.8,51045.1,-0.02071481561288733,1.0524030327183984
2024-02-21 20:05:00,-1,50976.0,51075.9,-0.010606318041512387,1.041796714676886
2024-02-21 20:50:00,1,50906.7,50924.0,-0.00040549799808870315,1.0413912166787973
2024-02-22 01:25:00,1,51687.6,51592.5,-0.011715293841843895,1.0296759228369534
2024-02-22 03:25:00,-1,51370.0,51583.2,-0.022860146720204762,1.0068157761167487
2024-02-22 09:35:00,1,51759.2,51759.5,-0.0023678450255862037,1.0044479310911625
2024-02-22 10:30:00,1,51935.5,51884.9,-0.00834941639901851,0.9960985146921439
2024-02-22 10:50:00,1,51767.6,51723.2,-0.00805699140793405,0.9880415232842099
2024-02-22 12:35:00,-1,51749.1,51536.5,0.026465377230156458,1.0092138250683351
2024-02-22 14:40:00,-1,51258.6,51326.5,-0.006956179737371596,1.0022576453309635
2024-02-22 17:35:00,1,51593.7,51677.0,0.005753915689024874,1.0068607778821834
2024-02-22 19:35:00,1,51658.9,51542.5,-0.0183185258080276,0.9885422520741558
2024-02-22 20:20:00,-1,51551.8,51664.2,-0.01988284296034597,0.9686594091138099
2024-02-22 22:25:00,-1,51711.2,51231.3,0.04155841227645654,1.001906138934975
2024-02-22 23:35:00,-1,51388.6,51357.4,0.0009448073159756068,1.0026619847877556
2024-02-23 01:05:00,-1,51427.4,51460.8,-0.009724102403324457,0.9929378823844311
2024-02-23 04:45:00,-1,51229.9,51277.9,-0.008581484129054785,0.9843563982553764
2024-02-23 07:35:00,1,51285.9,51123.3,-0.04505440254058015,0.9393019957147962
2024-02-23 10:30:00,-1,51055.0,51136.5,-0.008915702335538029,0.9303862933792582
2024-02-23 11:35:00,1,51188.0,51266.8,0.010027776171822505,0.9384085143167161
2024-02-23 12:30:00,1,51237.5,51035.4,-0.043883412446288746,0.8945251018704273
2024-02-23 12:55:00,-1,51051.3,51018.1,0.0016359186250022913,0.8958338367704292
2024-02-23 16:55:00,-1,50898.0,51086.1,-0.012906927672024835,0.8829269090984043
2024-02-23 18:25:00,1,51040.0,51183.5,0.014338313632198329,0.894397560004163
2024-02-23 19:35:00,1,51130.9,51215.8,0.009265044402944114,0.9018095955265183
2024-02-23 23:40:00,-1,50812.1,50885.0,-0.01021519504901946,0.8915944004774988
2024-02-24 02:30:00,-1,50728.9,50770.8,-0.007420849375217087,0.8841735511022817
2024-02-24 06:15:00,1,51049.0,51074.8,0.0011974272427355557,0.8851314928964701
2024-02-24 07:35:00,1,50998.4,51066.8,0.011832430754021489,0.8945974374996872
2024-02-24 11:00:00,1,51133.0,51088.5,-0.01820312212762876,0.8763943153720585
2024-02-24 12:30:00,1,51128.8,51086.8,-0.020664784239504203,0.8557295311325542
2024-02-24 14:35:00,1,51156.2,51139.4,-0.008848611765100213,0.846880919367454
2024-02-24 15:55:00,1,51156.6,51124.6,-0.016716326878230436,0.8301645924892236
2024-02-24 19:35:00,1,51473.6,51653.7,0.015272100391809536,0.8423822728026712
2024-02-24 21:10:00,1,51587.4,51528.6,-0.01240143539882279,0.8299808374038484
2024-02-25 00:05:00,1,51625.0,51579.5,-0.010456335920551747,0.8195245014832967
2024-02-25 01:40:00,-1,51543.1,51656.5,-0.0241537192148342,0.7953707822684625
2024-02-25 08:45:00,1,51724.0,51662.0,-0.018768130569191684,0.7766026516992708
2024-02-25 10:25:00,-1,51679.7,51607.2,0.009616006415430105,0.7842954568316148
2024-02-25 11:30:00,-1,51624.0,51685.7,-0.020611120130536006,0.7636843367010788
2024-02-25 15:10:00,1,51755.6,51807.1,0.004335440906447744,0.767152689426237
2024-02-25 15:55:00,1,51636.7,51547.8,-0.012008903282477699,0.7551437861437593
2024-02-25 18:05:00,-1,51591.7,51600.0,-0.004044941918694136,0.7510988442250652
2024-02-25 20:00:00,1,51708.0,51764.4,0.005137836672939633,0.7552091135634169
2024-02-25 21:15:00,1,51868.4,51730.8,-0.014472641522561586,0.7407364720408554
2024-02-25 23:10:00,1,51749.0,51746.5,-0.0032332624377720714,0.7375032096030832
2024-02-26 00:00:00,-1,51805.1,51727.1,0.008167345818992314,0.7440370862582771
2024-02-26 05:00:00,-1,51596.1,51580.0,-0.0012169576308381311,0.742820128627439
2024-02-26 06:30:00,1,51553.9,51536.2,-0.007181913241983896,0.735638215385455
2024-02-26 08:40:00,-1,51417.7,51315.7,0.012653475425376147,0.7457609957257559
2024-02-26 14:25:00,1,51288.1,51398.5,0.009341585443504405,0.7532342640805595
2024-02-26 18:20:00,1,53534.4,53591.8,0.00221042035209687,0.755002600362237
2024-02-26 20:40:00,1,54392.0,54613.5,0.005888255509999596,0.7597132047702366
2024-02-26 21:25:00,1,54412.9,54626.9,0.007704449653736229,0.7658767644932256
2024-02-26 23:20:00,1,54587.6,54588.0,-0.0014338535600956833,0.7644429109331299
2024-02-26 23:45:00,1,54501.0,54510.1,-0.0013258118459250241,0.7631170990872048
2024-02-27 04:00:00,1,55774.3,55920.0,0.004412428890775776,0.7666470421998255
2024-02-27 05:50:00,-1,56164.0,56183.8,-0.00410063120262064,0.7625464109972049
2024-02-27 07:35:00,1,56223.3,56029.1,-0.015490151906683063,0.7470562590905219
2024-02-27 11:40:00,1,56519.1,56433.1,-0.0052452172213646175,0.7418110418691573
2024-02-27 15:55:00,1,56717.7,56775.0,0.0011306141016000052,0.7427155331504373
2024-02-27 17:50:00,1,56959.6,56899.1,-0.003951030307499884,0.7387645028429374
2024-02-27 21:50:00,-1,56880.9,56699.9,0.007576301195525449,0.7448255437993577
2024-02-27 22:50:00,-1,56912.2,56976.6,-0.005930941651203404,0.7388946021481543
2024-02-27 23:35:00,-1,57125.3,57043.2,0.0046634088955264,0.7426253292645754
2024-02-28 01:10:00,1,56939.1,56938.2,-0.002220767045360128,0.7404045622192152
2024-02-28 01:20:00,1,56933.0,56961.4,0.0004469730819966723,0.7407621406848126
2024-02-28 05:30:00,1,57170.0,57236.8,0.004483852702528561,0.7443492228468355
2024-02-28 06:10:00,1,57131.9,57089.3,-0.0065264180896421175,0.7378228047571933
2024-02-28 10:55:00,1,59172.6,59339.4,0.0059051564043898835,0.7425469298807053
2024-02-28 13:05:00,1,59111.8,59880.0,0.03796233911455415,0.7729168011723486
2024-02-28 16:15:00,1,60927.8,61316.1,0.008818161227492604,0.7799713301543427
2024-02-28 20:05:00,-1,60967.3,60459.1,0.005812250004677286,0.7846211301580845
2024-02-28 21:50:00,-1,60407.3,60579.7,-0.004502614768582314,0.7801185153895023
2024-02-28 22:15:00,-1,60806.8,61086.8,-0.009597219448370603,0.7705212959411317
2024-02-29 02:15:00,-1,61539.6,61290.3,0.006727925113029805,0.7759036360315555
2024-02-29 02:55:00,-1,61467.7,61831.2,-0.017178006073771172,0.7587256299577844
2024-02-29 04:10:00,-1,61581.6,61604.7,-0.0022294595152126282,0.7564961704425718
2024-02-29 05:50:00,1,62203.6,62519.4,0.009562999694929557,0.7641465701985154
2024-02-29 08:20:00,1,62923.0,62824.5,-0.002931379545496039,0.7612151906530193
2024-02-29 10:10:00,-1,62706.9,62465.6,0.00793412941934783,0.7675624941884976
2024-02-29 10:55:00,-1,62557.4,62792.8,-0.011455534627294574,0.7561069595612031
2024-02-29 12:15:00,1,62917.5,62726.2,-0.007882119201316446,0.7482248403598867
2024-02-29 14:25:00,1,63049.1,63329.9,0.007049455044609464,0.7538644043955742
2024-02-29 15:00:00,1,62945.9,62743.8,-0.006362987205972891,0.7475014171896014
2024-02-29 16:05:00,1,63030.1,62817.6,-0.006394029751098608,0.7411073874385028
2024-02-29 20:05:00,-1,61212.0,61812.5,-0.01647074404987281,0.72463664338863
2024-02-29 21:15:00,1,61157.9,61323.5,0.004140364825473021,0.7279489352490084
2024-02-29 22:10:00,-1,61186.2,61376.0,-0.004582474323117699,0.7233664609258907
2024-02-29 23:25:00,-1,61290.5,61516.8,-0.006391345118807153,0.7169751158070836
2024-03-01 01:30:00,1,61388.1,61323.3,-0.0038027506557175043,0.7131723651513661
2024-03-01 04:10:00,-1,61085.6,61253.9,-0.010854796215085583,0.7023175689362805
2024-03-01 06:15:00,1,61385.9,61809.9,0.029830834507807834,0.7261822365425268
2024-03-01 07:10:00,1,61586.1,61772.6,0.009822218701922849,0.7340400115040651
2024-03-01 07:55:00,1,61536.6,61485.8,-0.00478929109494755,0.7292507204091175
2024-03-01 09:50:00,1,62111.2,62210.7,0.0036510647844187126,0.7321715722366525
2024-03-01 11:35:00,1,62004.0,61940.9,-0.005681485197286279,0.7264900870393662
2024-03-01 14:15:00,1,62421.9,62325.9,-0.005953817903412541,0.7205362691359537
2024-03-01 15:30:00,-1,62084.9,61787.1,0.009269953706146913,0.7279522321008712
2024-03-01 16:15:00,-1,61510.5,61349.6,0.004781204893651561,0.7317771960157925
2024-03-01 17:30:00,-1,61539.2,62101.0,-0.020537239627188432,0.711239956388604
2024-03-01 18:10:00,1,61977.0,62062.1,0.0024396521588041092,0.7131916781156473
2024-03-01 19:40:00,1,62252.3,62381.2,0.004581504069832444,0.7168568813715133
2024-03-01 22:10:00,1,62687.4,62532.9,-0.005226837706415825,0.7116300436650974
2024-03-01 23:10:00,-1,62560.4,62711.6,-0.008680789584469916,0.7029492540806275
2024-03-02 03:30:00,-1,62094.9,62410.1,-0.020166397642372897,0.6827828564382545
2024-03-02 08:45:00,-1,62063.8,62128.4,-0.006563886721777033,0.6762189697164775
2024-03-02 18:15:00,1,61836.7,62001.3,0.011830898465444582,0.6856836884888332
2024-03-02 18:35:00,1,61942.5,62028.1,0.006381842231821918,0.6907891622742908
2024-03-02 20:15:00,1,61871.9,61917.3,0.0016679400276713675,0.6921235142964278
2024-03-02 22:40:00,-1,61947.9,61867.7,0.004186908869833872,0.6954730413922949
2024-03-02 23:25:00,-1,61957.5,62067.6,-0.01447008443575994,0.681002956956535
2024-03-03 00:15:00,1,62039.9,61903.5,-0.013796244830447682,0.6672067121260873
2024-03-03 03:10:00,-1,61849.6,61945.0,-0.017575779279319047,0.6496309328467682
2024-03-03 05:35:00,1,62019.4,61975.4,-0.008368482086420662,0.6412624507603475
2024-03-03 08:45:00,-1,61563.5,61763.0,-0.00779470382715963,0.6334677469331879
2024-03-03 09:20:00,-1,61889.0,61843.4,0.0011010755343286015,0.6343486073606507
2024-03-03 10:00:00,1,61774.2,61720.0,-0.005031500851621316,0.6293171065090294
2024-03-03 11:05:00,1,61755.7,61763.0,-0.001754052567756782,0.6275630539412727
2024-03-03 13:15:00,1,62328.9,62073.5,-0.010473996252332756,0.6170890576889398
2024-03-03 18:50:00,1,62635.8,62932.1,0.010635192770388841,0.625597211905251
2024-03-03 20:10:00,1,62815.6,62676.0,-0.009391562756170578,0.6162056491490804
2024-03-03 21:20:00,1,62695.9,62703.9,-0.001295690324006885,0.6149099588250735
2024-03-03 21:40:00,-1,62747.6,62839.4,-0.009721342486700951,0.6051886163383725
2024-03-04 02:05:00,1,63790.9,63389.1,-0.005747825736335144,0.5994407906020374
2024-03-04 03:55:00,1,63442.7,63523.9,0.003372430010408699,0.6021387346103644
2024-03-04 06:25:00,-1,63554.1,63624.3,-0.005418329679058867,0.5967204049313055
2024-03-04 11:55:00,1,65017.9,65314.0,0.005677709982018192,0.6012625729169201
2024-03-04 15:40:00,1,66194.9,66474.3,0.004564785144187893,0.6049144010322705
2024-03-04 17:15:00,1,66413.6,67035.0,0.01226722484368638,0.6147281809072196
2024-03-04 18:35:00,1,66649.9,66468.4,-0.0031339592213132234,0.6115942216859064
2024-03-04 22:00:00,1,67222.1,67668.3,0.008668395276502582,0.6185289379071085
2024-03-05 00:00:00,1,67996.7,68347.2,0.007415758394707234,0.6244615446228743
2024-03-05 01:20:00,1,67882.4,68576.1,0.01374775737436269,0.6354597505223645
2024-03-05 02:30:00,1,68476.6,68168.9,-0.008382152686503767,0.6270775978358607
2024-03-05 03:00:00,1,67956.2,68040.0,0.0013299355116346764,0.6281415462451685
2024-03-05 07:10:00,1,67250.1,67263.0,-0.000374156191531294,0.6277673900536372
2024-03-05 07:45:00,1,66937.8,66588.9,-0.012178945976639358,0.6155884440769979
2024-03-05 10:40:00,-1,66898.0,67139.9,-0.009533760128508352,0.6060546839484895
2024-03-05 11:35:00,1,66793.5,66756.0,-0.002415202060522692,0.6036394818879668
2024-03-05 13:35:00,1,67717.1,67916.5,0.004989072128094753,0.6076307395904426
2024-03-05 14:20:00,1,67579.0,67369.5,-0.006159531620972728,0.6014712079694698
2024-03-05 17:25:00,-1,64746.1,64514.0,0.001977901305771273,0.6030535290140868
2024-03-05 18:25:00,-1,65180.6,64670.3,0.005317586442949702,0.6073075981684466
2024-03-05 21:00:00,-1,62235.8,62288.5,-0.0005705976263394804,0.6067370005421071
2024-03-05 21:30:00,-1,63654.7,63417.6,0.00226916274589565,0.6085523307388236
2024-03-05 22:25:00,1,63119.4,63207.9,0.0008518014274406429,0.6092337718807762
2024-03-06 01:10:00,1,63663.6,63503.9,-0.0041006557409364736,0.6051331161398398
2024-03-06 02:50:00,-1,63463.1,62984.2,0.014660644862361037,0.6168616320297287
2024-03-06 04:05:00,-1,63297.8,63484.7,-0.006235286149612339,0.6106263458801163
2024-03-06 09:30:00,1,66927.0,66748.6,-0.0033607161187855375,0.6072656297613308
2024-03-06 10:00:00,1,66692.9,66482.7,-0.004388074712181486,0.6028775550491493
2024-03-06 12:30:00,1,67089.5,66779.1,-0.006792426975555767,0.5960851280735935
2024-03-06 20:55:00,1,66941.7,66934.1,-0.0009204607046156616,0.5951646673689778
2024-03-07 00:20:00,-1,66261.3,65956.0,0.008586246784899158,0.6020336647968971
2024-03-07 01:05:00,-1,66198.6,65700.0,0.01667611513485339,0.6153745569047798
2024-03-07 03:40:00,1,66298.2,65936.9,-0.016182291113711098,0.5991922657910688
2024-03-07 06:25:00,-1,66226.9,66182.3,0.0006462450830088136,0.5997092618574759
2024-03-07 08:40:00,1,66733.0,66879.2,0.003623585003283794,0.6026081298601029
2024-03-07 12:40:00,1,67046.7,66796.1,-0.00900587396953469,0.5936022558905683
2024-03-07 17:40:00,1,67744.3,67895.9,0.0033270127007337487,0.5962638660511552
2024-03-07 19:15:00,1,67655.1,67550.1,-0.003364607097225857,0.5928992589539294
2024-03-07 21:15:00,1,67429.8,67443.8,-0.0004612714071581646,0.5924379875467712
2024-03-07 22:40:00,-1,67390.8,67116.2,0.008004634948208758,0.5988416955053383
2024-03-08 01:15:00,-1,66899.7,67168.9,-0.018228501533725027,0.5806131939716133
2024-03-08 03:00:00,-1,67149.9,67059.4,0.0042954700360733795,0.584049570000472
2024-03-08 04:10:00,1,67186.1,67305.1,0.005019206502243857,0.5880649352022671
2024-03-08 08:05:00,1,67308.5,67264.9,-0.0027424908654171093,0.58532244433685
2024-03-08 08:20:00,1,67171.5,67209.7,0.0005616702059073146,0.5857717805015759
2024-03-08 11:40:00,1,67413.5,67600.0,0.011215706246981535,0.5947443454991611
2024-03-08 12:30:00,1,67578.6,67481.8,-0.006492083379236102,0.588252262119925
2024-03-08 19:10:00,1,68487.2,68750.3,0.004714750268302569,0.5920240623345671
2024-03-08 21:30:00,1,68660.0,68686.7,-1.9744595961318848e-05,0.5920043177386057
2024-03-09 00:30:00,-1,68258.3,68084.0,0.0068494820348870425,0.5974839033665154
2024-03-09 02:35:00,-1,68159.7,68199.4,-0.0037384887252052013,0.5937454146413101
2024-03-09 03:50:00,1,68237.7,68300.7,0.0028236595511547656,0.596004342282234
2024-03-09 06:30:00,1,68290.0,68421.9,0.008460060628845927,0.6027723907853108
2024-03-09 09:45:00,-1,68386.7,68271.7,0.008024547109532654,0.6091920284729369
2024-03-09 13:35:00,1,68426.3,68529.0,0.005584195238158934,0.613659384663464
2024-03-09 15:25:00,-1,68239.9,68336.4,-0.010118539976442619,0.6035408446870214
2024-03-09 18:05:00,-1,68213.1,68298.2,-0.0069649930872763745,0.596575851599745
2024-03-09 19:50:00,1,68289.8,68251.6,-0.005779393966441728,0.5907964576333032
2024-03-09 23:55:00,1,68371.2,68360.1,-0.0046987760194348305,0.5860976816138684
2024-03-10 03:55:00,1,68886.2,69208.1,0.01135982868216969,0.5951855445596042
2024-03-10 11:35:00,1,69869.0,69654.3,-0.006919523665944796,0.5882660208936593
2024-03-10 18:20:00,1,69464.8,69440.9,-0.0023272154990152697,0.585938805394644
2024-03-10 20:05:00,-1,69402.8,69480.7,-0.006439474784639025,0.579499330610005
2024-03-10 21:20:00,-1,69356.6,69268.5,0.004790439209972795,0.5833316819779832
2024-03-11 03:50:00,1,68479.0,68679.6,0.009035074490713021,0.5905597415705537
2024-03-11 05:50:00,1,68708.8,68571.6,-0.010675681340518243,0.5798840602300355
2024-03-11 11:40:00,1,71776.6,72143.7,0.011452277573020734,0.589045882288452
2024-03-11 13:55:00,1,71526.4,71584.9,0.0006082207022225438,0.5895324588502301
2024-03-11 18:30:00,1,72338.7,72380.1,0.0003520475933745255,0.5898140969249297
2024-03-11 19:05:00,1,72366.7,72710.8,0.011000787079818011,0.5986147265887841
2024-03-11 19:40:00,1,72484.6,72274.2,-0.008348655874083845,0.5902660707147003
2024-03-11 21:30:00,-1,72464.5,72353.1,0.004998152679225531,0.5942645928580808
2024-03-11 23:25:00,1,72657.3,72369.8,-0.013678767460001667,0.5805858253980791
2024-03-12 01:35:00,-1,72337.9,72423.3,-0.005151262265776748,0.5754345631323023
2024-03-12 07:00:00,-1,71725.9,72122.0,-0.020091274427357482,0.5553432887049449
2024-03-12 09:50:00,1,72025.4,71923.4,-0.004840434164513178,0.5505028545404317
2024-03-12 12:30:00,1,72119.9,72052.1,-0.0034313142164964375,0.5470715403239352
2024-03-12 15:05:00,-1,72135.9,71977.6,0.0018141342347340389,0.5485228477117224
2024-03-12 17:55:00,-1,70217.3,71161.2,-0.010080488434428981,0.5384423592772934
2024-03-12 20:35:00,1,70974.0,71050.1,0.0028278833522012185,0.5407046659590544
2024-03-12 23:15:00,1,71220.8,71445.8,0.005428085940814947,0.5450471347117064
2024-03-13 02:45:00,1,71944.4,72030.0,0.0018814162431600345,0.5465522677062344
2024-03-13 04:15:00,1,72041.0,72215.2,0.007704919710086036,0.5527162034743033
2024-03-13 06:10:00,1,72152.7,72375.3,0.012111463601442793,0.5624053743554576
2024-03-13 11:10:00,1,73337.3,73551.6,0.0075147315316889,0.5684171595808087
2024-03-13 12:00:00,1,73318.2,73179.6,-0.008972930001961317,0.5594442295788474
2024-03-13 12:25:00,-1,73252.6,73080.0,0.0075747375843501375,0.5655040196463276
2024-03-13 13:35:00,-1,73006.5,72502.4,0.01297552954401676,0.575884443281541
2024-03-13 15:20:00,-1,72530.0,72819.9,-0.006359767577880225,0.5695246757036607
2024-03-13 18:30:00,1,72887.5,73204.6,0.008082963520760792,0.5759910465202693
2024-03-13 19:40:00,1,72842.6,72890.8,0.000747853660532336,0.5765893294486952
2024-03-14 02:10:00,-1,72930.1,72952.8,-0.0022815022429591623,0.574307827205736
2024-03-14 03:00:00,1,73050.0,73147.7,0.0036925786338855822,0.5772618901128445
2024-03-14 04:50:00,1,73390.9,72919.1,-0.021800939533961776,0.5554609505788827
2024-03-14 05:10:00,-1,73078.6,72818.0,0.006998159485816442,0.5610594781675359
2024-03-14 06:00:00,-1,73210.6,73207.1,-0.0011310783611686603,0.5599283998063672
2024-03-14 07:30:00,1,73391.1,73292.9,-0.003901649081781068,0.5560267507245862
2024-03-14 09:30:00,1,73446.0,73450.9,-0.0011020127986187326,0.5549247379259674
2024-03-14 12:15:00,-1,72905.7,72787.9,0.0030614933071577435,0.5573739325716937
2024-03-14 13:10:00,-1,72937.6,72600.0,0.009676003940089939,0.5651147357237656
2024-03-14 14:45:00,-1,72170.2,71541.4,0.009428360331180241,0.5726574239887098
2024-03-14 18:10:00,-1,71097.2,70685.7,0.008085191446219652,0.5791255771456855
2024-03-14 19:25:00,-1,70225.9,69672.4,0.00795721351273133,0.5854913479558705
2024-03-14 20:00:00,-1,69848.1,70011.9,-0.0019861035537270203,0.5835052444021436
2024-03-14 20:40:00,-1,70610.3,70937.0,-0.004180335885435577,0.579324908516708
2024-03-14 21:10:00,1,70686.6,71069.9,0.005732417190267784,0.5839108422689223
2024-03-14 23:30:00,1,71579.6,71676.6,0.002220118926112991,0.5856869374098127
2024-03-15 00:20:00,1,71496.9,71879.2,0.014043263336196569,0.59692154807877
2024-03-15 02:00:00,1,71956.8,71726.1,-0.0065820961508853484,0.5903394519278846
2024-03-15 06:40:00,-1,68418.0,68658.2,-0.0099450289567649,0.5803944229711198
2024-03-15 08:30:00,1,68487.4,68004.4,-0.012677606566661347,0.5677168164044584
2024-03-15 12:30:00,1,67650.0,68036.3,0.005898915868338508,0.5724359490991292
2024-03-15 13:35:00,1,67904.5,68264.8,0.007009935261708804,0.5780438973084963
2024-03-15 14:55:00,1,67999.9,68655.7,0.010261256354166956,0.5862529023918298
2024-03-15 18:15:00,1,68193.9,68485.0,0.006471795673158292,0.5914303389303565
2024-03-15 19:25:00,1,69886.1,70057.9,0.0020942551629305993,0.593105743060701
2024-03-15 20:35:00,-1,68500.0,68142.1,0.004153813966339907,0.5964287942337729
2024-03-15 22:55:00,-1,68423.5,69123.7,-0.02491063949273221,0.5715181547410407
2024-03-16 01:45:00,1,69285.2,69312.0,-4.724363031054983e-05,0.5714709111107302
2024-03-16 04:30:00,-1,69370.1,68985.0,0.013123232820883825,0.5819694973674373
2024-03-16 09:00:00,1,69249.5,69124.8,-0.007813292789256417,0.5741562045781808
2024-03-16 12:00:00,-1,68354.0,68064.7,0.007365317324213205,0.5800484584375514
2024-03-16 12:45:00,-1,68359.4,67976.0,0.00840455257915547,0.5867721005008757
2024-03-16 14:55:00,-1,68058.2,68237.0,-0.005039729553354723,0.581732370947521
2024-03-16 16:20:00,1,68313.5,68452.0,0.004311180321207681,0.5851813152044871
2024-03-16 17:30:00,1,68125.5,68001.0,-0.006355602181174848,0.5788257130233123
2024-03-16 21:05:00,-1,67398.6,66745.3,0.012767811982300623,0.5890399626091528
2024-03-16 23:00:00,-1,66414.5,66228.1,0.0026296429588286,0.5911436769762157
2024-03-17 05:05:00,1,66416.0,66579.9,0.0062504094251499605,0.5961440045163356
2024-03-17 05:35:00,1,66448.7,66137.0,-0.01792562523136906,0.5782183792849666
2024-03-17 08:45:00,-1,66102.4,66211.6,-0.0028479350143485937,0.575370444270618
2024-03-17 10:05:00,1,66384.1,66656.4,0.00620582071802361,0.5803351008450369
2024-03-17 12:05:00,1,67130.7,67340.9,0.004846260804420224,0.584212109488573
2024-03-17 12:40:00,1,67006.2,66833.3,-0.0064759356892891175,0.5777361737992839
2024-03-17 19:45:00,1,68344.2,68481.0,0.002848297474739174,0.5800148117790752
2024-03-17 22:15:00,-1,68529.5,68461.7,0.0018507932228859153,0.5814954463573839
2024-03-17 23:45:00,-1,68340.6,68427.8,-0.0033846318488530568,0.5781108145085309
2024-03-18 02:50:00,-1,67539.5,67936.0,-0.008186641741899156,0.5699241727666317
2024-03-18 03:45:00,1,67987.2,68180.0,0.0046838221059406285,0.5736712304513841
2024-03-18 04:30:00,1,67884.0,68194.1,0.009840023088928689,0.5815432489225271
2024-03-18 05:10:00,1,68305.2,68486.0,0.005576386448078516,0.5860043580809898
2024-03-18 07:20:00,1,68611.2,68296.0,-0.01073708498427698,0.5752672730967129
2024-03-18 12:05:00,1,68307.7,68468.4,0.00552023885540925,0.5796834641810403
2024-03-18 13:25:00,1,67996.8,68038.2,0.00042946586900737395,0.5800270368762462
2024-03-18 16:20:00,-1,67271.3,67946.4,-0.013919798071068227,0.566107238805178
2024-03-18 16:45:00,1,67750.0,67429.6,-0.008719406435722046,0.557387832369456
2024-03-19 00:15:00,1,67848.6,68166.8,0.01052879012040124,0.565810864465777
2024-03-19 02:45:00,-1,66374.2,65685.9,0.010675866659896706,0.5743515577936944
2024-03-19 03:10:00,-1,65931.5,65704.5,0.003597264496644893,0.5772293693910103
2024-03-19 04:15:00,-1,65981.9,65108.0,0.01380433945215693,0.5882728409527359
2024-03-19 05:10:00,-1,65771.8,65125.4,0.010417690067925825,0.5966069930070765
2024-03-19 06:10:00,-1,65265.9,65455.8,-0.004508114911521535,0.592098878095555
2024-03-19 07:40:00,-1,64513.1,64223.2,0.004708527886387125,0.5958657004046647
2024-03-19 08:15:00,-1,64742.1,63997.0,0.012488143798957267,0.6058562154438305
2024-03-19 15:30:00,-1,62973.3,63451.2,-0.008952286913598138,0.5969039285302323
2024-03-19 19:20:00,1,64968.2,65253.9,0.0047294173022484785,0.6006874623720311
2024-03-19 20:40:00,-1,64130.2,63850.0,0.005798397577431881,0.6053261804339766
2024-03-19 22:10:00,-1,64152.8,63547.0,0.01427036320945977,0.6167424710015443
2024-03-19 23:50:00,-1,62198.3,61983.0,0.0036376992123145586,0.619652630371396
2024-03-20 04:00:00,1,62432.6,61991.8,-0.010795203984742669,0.6088574263866533
2024-03-20 04:20:00,-1,62327.9,61853.5,0.00803303177818502,0.6152838518092013
2024-03-20 06:40:00,-1,61386.3,61941.5,-0.009380323293772433,0.6059035285154288
2024-03-20 11:20:00,1,63091.6,63443.9,0.010091164348050845,0.6139764599938695
2024-03-20 12:00:00,1,63492.0,63372.6,-0.004161792194055328,0.6098146677998142
2024-03-20 15:30:00,1,64044.0,63722.6,-0.008748870196100992,0.6010657976037131
2024-03-20 17:05:00,-1,63145.0,63172.9,-0.0007936418916066645,0.6002721557121065
2024-03-20 17:20:00,-1,64579.9,64260.0,0.003512453435509383,0.603082118460514
2024-03-21 00:30:00,1,67467.2,67550.8,0.0012437694694171003,0.6040771340360477
2024-03-21 05:05:00,-1,66869.9,66578.8,0.005515484081997549,0.6084895213016457
2024-03-21 06:05:00,-1,66708.0,67219.6,-0.013858666627472793,0.5946308546741729
2024-03-21 06:55:00,1,67107.6,67019.1,-0.0026550848234007285,0.5919757698507722
2024-03-21 08:05:00,1,67136.8,67381.5,0.009116020109613336,0.5992685859384629
2024-03-21 09:30:00,1,67322.6,67141.9,-0.006701642199084114,0.5925669437393788
2024-03-21 11:40:00,-1,67127.2,67232.4,-0.004842996504490142,0.5877239472348886
2024-03-21 13:00:00,1,67210.4,67485.0,0.00875795745234238,0.5947303131967625
2024-03-21 15:00:00,-1,67111.2,66758.4,0.006506002155026672,0.5999351149207839
2024-03-21 20:00:00,-1,65514.8,64740.9,0.01594665212499764,0.612692436620782
2024-03-21 23:05:00,1,65584.6,65487.6,-0.004241822567625846,0.6084506140531561
2024-03-22 02:55:00,-1,65502.1,65689.9,-0.006787776270042022,0.6016628377831141
2024-03-22 04:50:00,1,65943.2,66300.1,0.010229214561994025,0.6098462094327094
2024-03-22 07:15:00,1,66434.3,66259.2,-0.00885775683717716,0.6009884525955322
2024-03-22 11:20:00,-1,64878.5,64764.3,0.002170318758938615,0.6027247076026832
2024-03-22 14:40:00,-1,63239.0,62964.5,0.0039148510401873695,0.605856588434833
2024-03-22 15:40:00,-1,64135.4,63950.0,0.0027194440039073034,0.6080321436379589
2024-03-22 18:35:00,1,63558.1,63938.1,0.009720514458594048,0.6158085552048341
2024-03-22 20:30:00,1,63696.0,63585.9,-0.0045357576278376305,0.6112727975769965
2024-03-22 23:15:00,-1,63136.1,63306.0,-0.0038049265417657552,0.6074678710352307
2024-03-23 03:05:00,1,63986.1,63743.3,-0.008153214698181383,0.5993146563370493
2024-03-23 04:10:00,-1,63413.0,63802.1,-0.014739672634354464,0.5845749837026948
2024-03-23 05:40:00,1,63920.2,64110.2,0.005654281585541342,0.5890984089711279
2024-03-23 07:35:00,1,64508.7,64621.7,0.0029751060598934595,0.5914784938190426
2024-03-23 09:15:00,1,64288.3,64348.3,0.00136209332833351,0.5925681684817095
2024-03-23 10:55:00,1,64525.0,64365.8,-0.007860465614622485,0.584707702867087
2024-03-23 13:20:00,1,64624.7,64513.0,-0.006300193828906697,0.5784075090381803
2024-03-23 18:55:00,1,65418.0,65431.2,-0.0005124173429475928,0.5778950916952327
2024-03-23 22:55:00,-1,65049.4,64774.4,0.011844431238615564,0.5873706366861251
2024-03-24 00:40:00,-1,64416.4,64551.4,-0.005196799378397458,0.5821738373077276
2024-03-24 05:15:00,-1,64278.9,64280.4,-0.0010652546410212162,0.5811085826667064
2024-03-24 06:50:00,1,64289.1,64217.9,-0.0052403239584001594,0.5758682587083063
2024-03-24 10:25:00,1,64988.9,65215.7,0.006358417363228983,0.5809549925988895
2024-03-24 11:45:00,1,65095.1,65295.4,0.00706302376812173,0.5866054116133869
2024-03-24 13:15:00,1,65510.1,65738.0,0.006003055785568056,0.5914078562418413
2024-03-24 13:55:00,1,65515.6,65399.9,-0.004911351053799072,0.5864965051880423
2024-03-24 16:00:00,1,65665.0,65861.2,0.0061265412056057695,0.5913977381525269
2024-03-24 19:35:00,1,65752.0,65991.1,0.005616108370041434,0.59589062484856
2024-03-24 20:10:00,1,65847.9,66279.4,0.015542565161009667,0.6083246769773678
2024-03-24 23:45:00,1,67334.0,67390.1,0.0008248828480070173,0.6089845832557734
2024-03-25 03:10:00,-1,66699.9,66835.1,-0.006512616080091575,0.6024719671756819
2024-03-25 04:35:00,1,67100.4,67295.1,0.006067157491448904,0.607325693168841
2024-03-25 06:20:00,1,67349.4,67200.0,-0.0057189584531151146,0.6016067347157259
2024-03-25 10:15:00,-1,67215.8,67250.1,-0.002927244706518749,0.5986794900092072
2024-03-25 10:40:00,1,67133.3,67010.0,-0.0064023603936054834,0.5922771296156016
2024-03-25 19:45:00,1,70655.3,70903.1,0.007210003626886075,0.5980451325171104
2024-03-25 21:00:00,1,70823.7,70787.0,-0.0019367810749061991,0.5961083514422042
2024-03-25 21:30:00,1,70435.0,70053.3,-0.013474396920138017,0.5826339545220662
2024-03-25 21:45:00,-1,70169.6,69949.9,0.004710319857531406,0.5864022104080914
2024-03-26 10:25:00,1,71133.8,70960.7,-0.007545968693038267,0.5788562417150531
2024-03-26 14:55:00,-1,70166.0,70377.6,-0.0034337879567408096,0.5754224537583124
2024-03-26 17:45:00,-1,69923.7,70222.6,-0.007785561277761028,0.5676368924805514
2024-03-26 20:55:00,-1,69924.2,69889.3,0.0002167526243523712,0.5678102945800333
2024-03-27 02:35:00,1,70510.9,70387.0,-0.004725932774747148,0.5630843618052861
2024-03-27 03:50:00,1,70491.4,70399.9,-0.005652606813457676,0.5574317549918284
2024-03-27 04:50:00,-1,70417.0,70215.2,0.008954805918661766,0.5645955997267578
2024-03-27 06:05:00,1,70449.9,70607.6,0.0069549607693354856,0.5701595683422261
2024-03-27 08:40:00,-1,69990.1,69731.4,0.008113552379073645,0.576650410245485
2024-03-27 09:45:00,-1,69906.3,70030.1,-0.005526613161850024,0.571123797083635
2024-03-27 11:35:00,1,70099.9,70360.5,0.01013621162892458,0.5792327663867747
2024-03-27 13:00:00,1,70233.6,70899.1,0.02953991719548508,0.6028647001431627
2024-03-27 14:10:00,1,69966.2,69295.5,-0.009019973100065717,0.593844727043097
2024-03-27 14:35:00,-1,69836.2,70286.5,-0.004770940085838029,0.589073786957259
2024-03-27 17:50:00,-1,69148.9,68975.1,0.002512246287275429,0.5910835839870793
2024-03-27 18:55:00,-1,68860.5,68531.5,0.008152281194403985,0.5976054089426025
2024-03-27 20:00:00,-1,68738.4,68866.0,-0.004501653302795019,0.5931037556398074
2024-03-27 22:25:00,1,69142.7,69376.9,0.01190820262282626,0.6026303177380684
2024-03-27 23:50:00,1,69267.9,69630.0,0.01584417436740109,0.6153056572319893
2024-03-28 01:25:00,1,69602.6,69486.4,-0.004853738597238971,0.6104519186347503
2024-03-28 03:35:00,-1,69208.2,69144.0,0.0014689062647437368,0.6116270436465453
2024-03-28 04:00:00,-1,69351.0,69466.2,-0.00654212945520939,0.6050849141913359
2024-03-28 05:20:00,1,69680.0,69960.2,0.014100653916438971,0.6163654373244871
2024-03-28 07:15:00,1,70326.9,70405.6,0.001750091618628473,0.6177655106193899
2024-03-28 10:30:00,1,70686.3,70515.4,-0.007135004294008662,0.6106305063253812
2024-03-28 11:55:00,1,70777.3,70707.7,-0.004121644303532741,0.6065088620218484
2024-03-28 13:25:00,1,70805.6,71089.9,0.008394635095345732,0.613224570098125
2024-03-28 16:20:00,1,70856.1,70868.1,-0.0005072202755032713,0.6127173498226217
2024-03-28 19:30:00,-1,70742.2,70932.3,-0.011260550612032683,0.601456799210589
2024-03-28 23:45:00,1,70970.5,70792.1,-0.011506994213661371,0.5899498049969276
2024-03-29 00:35:00,-1,70807.1,70701.1,0.0051485334686304386,0.594068631771832
2024-03-29 03:55:00,-1,70501.1,70491.8,-0.0011376870480536512,0.5929309447237784
2024-03-29 04:50:00,-1,70559.1,70400.0,0.007908633710965113,0.5992578516925505
2024-03-29 07:20:00,1,70375.2,70337.1,-0.004647648872092796,0.5946102028204577
2024-03-29 09:30:00,-1,70033.6,69754.3,0.008989839415992436,0.6018020743532517
2024-03-29 12:00:00,1,70202.5,70334.8,0.005378676541612928,0.6061050155865421
2024-03-29 14:50:00,1,70458.0,70320.1,-0.00826274652524156,0.5978422690613006
2024-03-29 15:05:00,1,70121.3,70110.2,-0.0020969215434579387,0.5957453475178426
2024-03-29 16:20:00,-1,69533.1,69480.0,0.000695130437485987,0.5963014518678313
2024-03-29 18:55:00,-1,69496.0,69565.6,-0.004473991980931718,0.5918274598868997
2024-03-29 21:15:00,1,69642.4,69541.4,-0.009344903479716785,0.5824825564071828
2024-03-30 02:45:00,1,70098.0,69950.0,-0.010750817684521633,0.5717317387226611
2024-03-30 04:45:00,-1,69889.0,70000.0,-0.01079106020282905,0.5609406785198321
2024-03-30 09:10:00,-1,69988.0,70048.9,-0.008401842258660157,0.552538836261172
2024-03-30 09:40:00,1,70117.6,70153.6,0.0006393065539357407,0.5530502815043206
2024-03-30 14:05:00,1,70188.9,70171.2,-0.0041849877059417446,0.5488652937983788
2024-03-30 21:05:00,-1,69948.7,69812.2,0.007251796324039681,0.5546667308576105
2024-03-30 23:00:00,-1,69796.4,69821.3,-0.0041246356803435425,0.550542095177267
2024-03-31 00:25:00,-1,69896.6,69911.8,-0.002838544869599998,0.547703550307667
2024-03-31 01:30:00,1,70004.6,70090.3,0.0033705684831256497,0.5504000050941675
2024-03-31 03:20:00,1,70070.5,69932.1,-0.013711420397619535,0.536688584696548
2024-03-31 08:15:00,1,70348.7,70425.0,0.002272138756993162,0.5385062957021426
2024-03-31 14:45:00,1,70669.8,70578.9,-0.007493056316266035,0.5310132393858765
2024-03-31 20:55:00,1,71000.6,70935.4,-0.004278941908103516,0.526734297477773
2024-04-01 00:25:00,1,71230.0,71150.7,-0.00451923592877451,0.5222150615489985
2024-04-01 01:15:00,1,71141.0,71041.0,-0.00620635828478119,0.5160087032642173
2024-04-01 03:05:00,-1,70943.0,70816.0,0.007153962485831822,0.5217318732528828
2024-04-01 08:05:00,-1,69682.9,69508.1,0.0026850554592320877,0.5238799176202685
2024-04-01 09:45:00,-1,69532.1,69574.5,-0.002520253294627118,0.5213596643256414
2024-04-01 11:45:00,1,69650.9,69512.2,-0.007995067389936928,0.5133645969357045
2024-04-01 15:30:00,-1,68863.9,68676.5,0.002692880513373576,0.5155189013464033
2024-04-01 17:35:00,-1,68710.0,68340.6,0.007237500731518318,0.5213089019316179
2024-04-01 18:30:00,-1,68621.2,68819.9,-0.007157437211414569,0.5141514647202033
2024-04-01 20:35:00,1,69466.6,69587.9,0.0026809002477642284,0.5162961849184148
2024-04-02 00:10:00,1,69646.4,69633.2,-0.001492993713690549,0.5148031912047243
2024-04-02 06:30:00,-1,66667.3,66955.0,-0.009177411336490792,0.5056257798682335
2024-04-02 07:20:00,1,66900.1,66805.0,-0.004374109267465592,0.5012516706007679
2024-04-02 08:50:00,-1,66636.0,66304.8,0.009444740458005538,0.5088074629671724
2024-04-02 10:45:00,-1,66437.4,65769.2,0.013052577458591948,0.519249524934046
2024-04-02 12:50:00,-1,65543.0,65325.8,0.0030832997121524167,0.5217161647037679
2024-04-02 14:05:00,-1,65225.6,65478.7,-0.004578796607906629,0.5171373680958613
2024-04-02 14:20:00,-1,65766.1,65751.7,-0.00019346390158632058,0.5169439041942749
2024-04-02 15:05:00,1,65741.9,66101.6,0.006408623451682029,0.5220708029556206
2024-04-02 15:45:00,1,65360.1,65400.0,0.0002632201250275327,0.5222813790556426
2024-04-02 16:45:00,-1,65442.4,65683.0,-0.003584185175597191,0.5186971938800454
2024-04-02 18:45:00,1,65600.0,66040.0,0.012043555047127445,0.5283320379177474
2024-04-02 20:55:00,1,65946.8,65678.0,-0.009561764235901172,0.5187702736818463
2024-04-03 05:50:00,1,66296.2,66081.5,-0.009918573721417807,0.5088516999604284
2024-04-03 10:25:00,1,66405.2,66334.4,-0.004241423829729046,0.5046102761306994
2024-04-03 11:50:00,-1,65951.0,66206.7,-0.008222013283371934,0.4963882628473275
2024-04-03 13:15:00,-1,65983.6,65842.5,0.004262812089723539,0.49979851251910634
2024-04-03 14:55:00,1,66507.0,66662.4,0.002388089155950829,0.501708983843867
2024-04-03 15:35:00,1,65886.4,65906.8,-0.00014306761803263123,0.5015659162258344
2024-04-03 16:25:00,-1,66126.1,66389.0,-0.007118869204601284,0.49444704702123304
2024-04-03 20:05:00,-1,65926.5,65662.5,0.0071236939570219465,0.5001460021868506
2024-04-03 21:35:00,-1,65729.3,65835.1,-0.005690015623007024,0.49445598656384354
2024-04-04 00:45:00,1,66138.8,66337.7,0.008246248112755407,0.5010529850540478
2024-04-04 03:00:00,-1,65754.2,65701.2,0.0009392738906013233,0.5018044041665289
2024-04-04 06:00:00,-1,65465.7,65628.5,-0.006251427002706137,0.4955529771638228
2024-04-04 09:00:00,1,66282.2,66345.0,0.001435703820255676,0.4967015402200273
2024-04-04 10:20:00,1,66228.7,66472.0,0.011393091222213495,0.5058160131977981
2024-04-04 12:05:00,1,66361.5,66451.4,0.0037424629779417365,0.5088099835801515
2024-04-04 14:05:00,1,67187.9,67576.5,0.009447764963931776,0.5163681955512969
2024-04-04 15:45:00,1,67575.0,67744.5,0.0037094819934548858,0.5193357811460608
2024-04-04 18:40:00,1,68603.5,68904.0,0.0051472023505097705,0.5234535430264686
2024-04-04 19:30:00,1,68531.0,68979.2,0.008042980284669841,0.5298879272542045
2024-04-04 20:10:00,1,68730.1,67760.7,-0.02247970938903656,0.507408217865168
2024-04-04 21:35:00,-1,68122.5,67641.7,0.007775223381180188,0.5136283965701122
2024-04-04 23:20:00,-1,67887.8,68314.8,-0.011874977364880624,0.5017534192052315
2024-04-05 01:40:00,1,68093.1,68107.3,-0.00041300945457747136,0.5013404097506541
2024-04-05 04:30:00,-1,67695.7,67727.1,-0.0016051204411014941,0.4997352893095526
2024-04-05 08:15:00,-1,67319.4,67210.0,0.0034441595059371403,0.5024906169143023
2024-04-05 10:35:00,-1,66745.1,67080.5,-0.00806570877412073,0.4944249081401816
2024-04-05 15:40:00,1,67943.1,68018.8,0.0008398271101940128,0.4950967698283368
2024-04-05 17:25:00,1,67889.1,67733.4,-0.004361299727898457,0.49073547010043833
2024-04-05 19:00:00,-1,67660.0,67811.3,-0.005605478154915099,0.48512999194552325
2024-04-06 01:50:00,1,67872.9,67730.4,-0.007446210021591774,0.47768378192393146
2024-04-06 03:55:00,-1,67702.4,67793.3,-0.0058973486534832295,0.4717864332704482
2024-04-06 06:35:00,1,67892.5,68083.7,0.0068934067070984,0.47730115863612693
2024-04-06 10:25:00,-1,67858.6,67817.3,0.0009102886341825396,0.47802938954347296
2024-04-06 11:30:00,-1,67822.9,67670.1,0.009809201877775686,0.4858767510456935
2024-04-06 13:25:00,-1,67733.4,67572.7,0.010275059833335251,0.4940967989123617
2024-04-06 16:55:00,1,67993.3,68129.8,0.0044358196550753366,0.49764545463642196
2024-04-06 18:35:00,1,68213.3,68185.0,-0.002355053185327148,0.4952904014510948
2024-04-06 20:10:00,1,68259.5,68186.4,-0.00623115132667201,0.4890592501244228
2024-04-06 22:05:00,1,68386.5,68502.5,0.006764069318107215,0.4944705055789086
2024-04-07 07:10:00,-1,69255.9,69327.2,-0.0063107961145288825,0.4881597094643797
2024-04-07 09:50:00,1,69450.1,69285.2,-0.013157682382531101,0.4750020270818486
2024-04-07 22:30:00,-1,69238.3,69248.0,-0.001405765626044195,0.47359626145580436
2024-04-08 01:40:00,1,69631.9,69736.7,0.002661382121579749,0.4757253671530682
2024-04-08 03:50:00,-1,69306.1,69512.8,-0.010349949080085078,0.4653754180729831
2024-04-08 04:50:00,-1,69465.8,69384.0,0.003937267227156982,0.4685252318547087
2024-04-08 07:00:00,1,69688.7,69965.7,0.01273056815917436,0.4787096863820482
2024-04-08 09:55:00,1,72115.0,72263.2,0.0017503727055694623,0.4801099845465038
2024-04-08 12:05:00,1,72386.9,72654.7,0.007095725006831747,0.48578656455196917
2024-04-08 12:50:00,1,72365.5,72293.2,-0.002828178467191778,0.48295838608477737
2024-04-08 16:25:00,-1,71781.0,71851.2,-0.0021380007766656235,0.4808203853081117
2024-04-08 17:55:00,-1,71566.2,71740.0,-0.0060850752178910885,0.47473531009022063
2024-04-08 21:15:00,-1,71891.4,71834.3,0.001377441100350183,0.4758372629705008
2024-04-09 02:35:00,-1,71282.1,71549.1,-0.00739695007670885,0.4684403128937919
2024-04-09 03:50:00,1,71547.3,71374.5,-0.008260511454602144,0.46017980143918974
2024-04-09 05:00:00,-1,71230.0,71339.4,-0.00535583037632318,0.45482397106286654
2024-04-09 05:35:00,-1,71276.5,71072.0,0.006298795845211485,0.4598630077390357
2024-04-09 08:50:00,-1,70166.2,70512.2,-0.0069536878474867935,0.4529093198915489
2024-04-09 09:05:00,-1,70692.8,70574.2,0.0017134271895894713,0.4542800616432205
2024-04-09 18:35:00,-1,68845.8,68912.9,-0.001558942800403266,0.45272111884281724
2024-04-09 19:30:00,-1,69162.4,69085.9,0.0016172274166126096,0.45401490077610734
2024-04-09 23:20:00,1,69200.1,69158.9,-0.0037087327688674447,0.4503061680072399
2024-04-10 02:05:00,-1,69326.5,69458.9,-0.003940932058610879,0.446365235948629
2024-04-10 03:45:00,-1,69040.4,69102.0,-0.0020103919382794926,0.44435484401034947
2024-04-10 07:10:00,1,69412.3,69504.6,0.003349776017458025,0.44703466482431586
2024-04-10 08:00:00,1,69411.5,68908.8,-0.028766180619271334,0.41826848420504453
2024-04-10 08:35:00,-1,69108.3,68937.7,0.004430377527960872,0.42181278622741325
2024-04-10 16:00:00,1,68742.7,68838.8,0.0010001882325627312,0.42261293681346346
2024-04-10 18:30:00,1,69390.6,69180.9,-0.003901497098903646,0.4187114397145598
2024-04-10 23:05:00,1,70714.0,70780.4,0.0006155978789054812,0.4192039180176842
2024-04-11 00:55:00,-1,70425.4,70572.0,-0.006086522083694314,0.4131173959339899
2024-04-11 04:10:00,1,70868.8,70662.0,-0.007326847514913971,0.4057905484190759
2024-04-11 06:15:00,-1,70677.0,70808.9,-0.004663973115418058,0.40112657530365786
2024-04-11 09:20:00,1,71021.3,70857.9,-0.0048669479775137435,0.3962596273261441
2024-04-11 12:50:00,-1,70880.0,70833.9,0.0002647185624590388,0.3964714021761113
2024-04-11 16:35:00,-1,69861.6,69646.4,0.00340780174432377,0.39919764357157034
2024-04-11 19:05:00,1,70201.6,70110.6,-0.002530759981602187,0.39666688358996816
2024-04-11 21:15:00,1,70575.2,70352.8,-0.007396286208656693,0.3892705973813115
2024-04-11 21:30:00,1,70249.9,70356.3,0.0024045905941676342,0.39119426985664557
2024-04-12 00:25:00,-1,70160.5,70316.5,-0.007418265100894205,0.38377600475575135
2024-04-12 02:05:00,1,70250.0,70463.3,0.007960435401046191,0.3901443530765883
2024-04-12 04:35:00,1,70946.1,71009.3,0.0012646016621704894,0.3911560344063247
2024-04-12 06:05:00,1,71116.6,70919.8,-0.00977565505246813,0.38138037935385655
2024-04-12 08:30:00,-1,70949.3,70695.5,0.009087830010618221,0.3886506433623511
2024-04-12 09:45:00,-1,70868.0,70630.0,0.00844119978124953,0.39540360318735074
2024-04-12 12:35:00,1,70828.3,70541.3,-0.0144225725998644,0.38098103058748634
2024-04-12 14:05:00,-1,70126.8,69878.8,0.0035655919007939432,0.3838335041081215
2024-04-12 15:55:00,-1,69531.6,69374.1,0.002512879795127313,0.38584380794422335
2024-04-12 19:10:00,-1,66842.6,66631.9,0.001322773465689625,0.38690202671677504
2024-04-12 22:25:00,-1,67216.1,67092.9,0.002445597046223465,0.3888585043537538
2024-04-12 23:45:00,-1,67002.9,67139.7,-0.0055244252166848145,0.38333407913706896
2024-04-13 02:25:00,-1,66446.0,66551.8,-0.0019336221900953792,0.3814004569469736
2024-04-13 07:20:00,1,67303.1,67285.5,-0.0012574763179998981,0.3801429806289737
2024-04-13 08:45:00,-1,67420.3,67205.4,0.005731983438923295,0.38472856738011235
2024-04-13 16:20:00,1,67690.5,67350.0,-0.010118771888001697,0.37460979549211065
2024-04-13 17:00:00,-1,67565.0,67262.1,0.006719447511156463,0.37998535350103585
2024-04-13 18:40:00,-1,66905.2,67173.7,-0.003857780041800527,0.3761275734592353
2024-04-13 19:40:00,-1,67134.7,66814.0,0.0073073473114717465,0.3819734513084127
2024-04-13 22:40:00,-1,62879.6,64551.7,-0.018806638906986875,0.36316681240142584
2024-04-14 00:25:00,1,63421.2,63566.8,0.001066315535445376,0.36401986482978216
2024-04-14 06:20:00,1,64146.0,64544.0,0.007380615887339902,0.3699243575396541
2024-04-14 08:25:00,1,64350.4,64826.0,0.00924449477076612,0.377319953356267
2024-04-14 10:40:00,-1,64567.8,64498.7,0.0007648412182042798,0.37793182633083044
2024-04-14 11:05:00,1,64465.1,64221.9,-0.0059998203910702624,0.37193200593976017
2024-04-14 13:05:00,1,64412.0,64704.8,0.004882936951451593,0.37583835550092143
2024-04-14 13:55:00,1,64537.6,64357.4,-0.003527832049301243,0.3723105234516202
2024-04-14 17:15:00,1,64419.9,63533.1,-0.019858143732387725,0.3524523797192325
2024-04-14 19:30:00,1,64387.7,64137.5,-0.003344191234576585,0.3491081884846559
2024-04-14 21:05:00,1,63784.1,63650.0,-0.003288844865302598,0.3458193436193533
2024-04-15 02:00:00,1,65364.7,65222.0,-0.002609949872360505,0.3432093937469928
2024-04-15 04:05:00,-1,65130.9,64795.5,0.006235659788314345,0.34819792157764423
2024-04-15 04:30:00,-1,64919.4,64847.4,0.001211121675895306,0.3491668189183605
2024-04-15 05:35:00,-1,64987.0,65167.7,-0.0052523445508215255,0.34391447436753897
2024-04-15 10:30:00,1,66409.9,66445.7,0.00018180584540367485,0.3440599190438619
2024-04-15 13:40:00,-1,66106.0,66192.0,-0.0022145681096428955,0.341845350934219
2024-04-15 18:15:00,-1,63940.0,63535.0,0.0038293138466049975,0.34490880201150304
2024-04-15 18:50:00,-1,63622.6,63394.9,0.002096997999806456,0.3465864004113482
2024-04-15 22:25:00,-1,63027.9,63017.7,-0.00021222369612063105,0.3463741767152276
2024-04-16 00:10:00,1,63258.4,63560.1,0.005271220438022354,0.3505911530656455
2024-04-16 02:05:00,1,63113.1,63087.9,-0.000918190195119087,0.3496729628705264
2024-04-16 02:55:00,-1,63200.5,63369.5,-0.003172922316113725,0.3465000405544127
2024-04-16 05:35:00,-1,62464.4,62691.0,-0.0027291977829973758,0.34377084277141534
2024-04-16 10:05:00,1,63341.8,63203.2,-0.0027348121370473952,0.34103603063436794
2024-04-16 12:00:00,-1,63064.6,62919.0,0.001540327401487033,0.3422682925555576
2024-04-16 17:00:00,-1,62249.2,62599.6,-0.004837380378156529,0.33743091217740107
2024-04-16 18:55:00,1,62577.2,62979.4,0.004305430318225634,0.3408752564319816
2024-04-16 20:05:00,1,62800.6,62565.0,-0.004906629471323112,0.3359686269606585
2024-04-17 00:45:00,1,63788.0,64104.6,0.0035223438337835186,0.3387865020276853
2024-04-17 01:20:00,1,63942.7,63853.8,-0.002206461528517437,0.33658004049916784
2024-04-17 11:50:00,-1,62983.8,62663.0,0.006743154253488002,0.34197456390195824
2024-04-17 13:50:00,-1,62290.4,62693.4,-0.007164825455817457,0.33480973844614076
2024-04-17 18:05:00,-1,60741.1,61586.0,-0.009295284292592234,0.3255144541535485
2024-04-17 18:40:00,1,61497.6,61788.0,0.0029009909273391334,0.3278352468954198
2024-04-17 19:35:00,1,61419.4,60817.7,-0.0074380939864180885,0.3203971529090017
2024-04-17 21:20:00,-1,61423.5,61600.0,-0.0031144338069674492,0.31728271910203426
2024-04-17 21:45:00,1,61290.6,61235.0,-0.001167294186374619,0.31611542491565964
2024-04-17 23:50:00,1,61365.5,61266.8,-0.002783426966479642,0.31333199794918
2024-04-18 02:00:00,1,61409.9,61754.0,0.005636756028550072,0.31784140277202005
2024-04-18 03:00:00,1,61477.4,61785.9,0.005527598623783005,0.32226348167104646
2024-04-18 04:50:00,1,61950.0,61673.3,-0.005387293735577427,0.316876187935469
2024-04-18 05:35:00,-1,61690.0,61477.3,0.004548364671166716,0.3205148796724024
2024-04-18 08:15:00,-1,61127.3,60882.1,0.0034500613263067016,0.32327492873344776
2024-04-18 08:40:00,-1,61380.0,61385.3,-0.0005087191972879268,0.32276620953615986
2024-04-18 12:45:00,1,61734.8,62100.1,0.004912562615422724,0.326696259628498
2024-04-18 14:55:00,1,63341.7,63778.3,0.0038298170357927417,0.3297601132571322
2024-04-18 17:25:00,1,63574.6,63351.5,-0.0025328885728304403,0.32722722468430177
2024-04-18 18:40:00,-1,62881.4,63150.3,-0.0036054600639178172,0.32362176462038394
2024-04-18 22:15:00,1,63347.4,63241.4,-0.003040975286081716,0.32058078933430223
2024-04-18 23:00:00,1,63427.3,63377.9,-0.0014542454833590267,0.3191265438509432
2024-04-19 04:00:00,1,61685.0,62171.9,0.003444852542224312,0.32188242588472266
2024-04-19 09:45:00,1,64250.5,64874.9,0.006146799453225608,0.32679986544730316
2024-04-19 12:15:00,1,64839.8,65281.4,0.005259106539680531,0.33100715067904757
2024-04-19 18:40:00,1,64372.4,64141.2,-0.0035678288598119372,0.32743932181923563
2024-04-19 21:35:00,-1,64081.5,64338.4,-0.0059126772933192785,0.32152664452591634
2024-04-19 22:45:00,1,64242.0,64183.7,-0.002229105822242796,0.31929753870367356
2024-04-19 23:20:00,-1,63562.3,63457.7,0.0009672744312362762,0.32007135824866256
2024-04-20 03:20:00,1,63752.3,63985.4,0.004126197707229258,0.32337231641444597
2024-04-20 04:35:00,1,63894.4,64087.3,0.003702804833621542,0.3263345602813432
2024-04-20 06:50:00,1,63963.3,64002.9,0.0004586907521596476,0.3267015128830709
2024-04-20 11:05:00,-1,63616.0,63724.3,-0.0028957733354666166,0.32380573954760433
2024-04-20 11:20:00,-1,63793.9,63750.0,0.0004675836275640062,0.32417980644965555
2024-04-20 11:40:00,1,63691.2,63671.0,-0.0012307991108461089,0.32294900733880944
2024-04-20 13:35:00,1,63806.7,63972.9,0.0034792539351631985,0.32573241048694
2024-04-20 14:30:00,1,63820.0,63774.8,-0.0020518966028683257,0.3236805138840717
2024-04-20 19:20:00,1,64775.3,64815.3,0.0005462520801258496,0.32411751554817236
2024-04-20 21:25:00,-1,64764.2,64638.1,0.002789240963105087,0.3263489083186564
2024-04-20 23:30:00,-1,64636.9,64846.1,-0.00772506186516679,0.3186238464534896
2024-04-21 02:10:00,1,64964.9,65003.3,0.00039477955690875256,0.31893967009901664
2024-04-21 03:40:00,1,65411.9,65111.8,-0.006238802830160107,0.31270086726885654
2024-04-21 05:20:00,-1,65005.0,65136.0,-0.0040900045336581614,0.3086108627351984
2024-04-21 06:30:00,-1,65139.2,65106.1,0.00023076314668400092,0.3087954732525456
2024-04-21 11:00:00,-1,64859.1,65034.8,-0.006928413649581336,0.3018670596029642
2024-04-21 13:05:00,1,64976.4,64956.6,-0.0013939153199368538,0.30047314428302735
2024-04-21 15:40:00,-1,65099.5,65055.9,0.000525983759009793,0.3008939312902352
2024-04-21 17:55:00,-1,64847.8,64793.0,0.0008215765036610065,0.301551192493164
2024-04-21 19:10:00,1,64731.0,64685.4,-0.0024859621006405423,0.2990652303925234
2024-04-21 21:10:00,-1,64800.0,64947.6,-0.0041180885550841425,0.29494714183743925
2024-04-22 00:40:00,1,64783.3,64832.5,0.0006531944563844133,0.2954696974025468
2024-04-22 03:20:00,-1,64805.8,65075.4,-0.004356869579176587,0.2911128278233702
2024-04-22 06:15:00,1,66154.8,66234.0,0.0009032916261350477,0.2918354611242783
2024-04-22 06:50:00,1,66200.0,66311.9,0.00152448430196685,0.29305504856585174
2024-04-22 09:50:00,-1,65996.0,65826.1,0.003692174570437039,0.2960087882222014
2024-04-22 14:55:00,1,66217.1,65999.9,-0.004178880439449734,0.29182990778275164
2024-04-22 18:05:00,1,66497.0,66636.6,0.0018905033244124958,0.29334231044228165
2024-04-22 21:00:00,1,66552.2,66417.0,-0.0037847528414946536,0.289557557600787
2024-04-23 00:00:00,1,66993.4,66718.0,-0.005399785836161834,0.28415777176462514
2024-04-23 02:00:00,1,66742.0,66787.2,0.00040316350725819194,0.2844803025704317
2024-04-23 02:50:00,-1,66851.1,66633.0,0.004604194752610972,0.2881636583725205
2024-04-23 04:15:00,-1,66510.0,66449.0,0.0010863812785353922,0.28903276339534884
2024-04-23 06:05:00,-1,66458.0,66555.6,-0.0028986051481650634,0.28613415824718375
2024-04-23 09:10:00,-1,66118.0,66250.1,-0.0038923869253066007,0.28224177132187717
2024-04-23 12:05:00,-1,66023.5,66066.5,-0.0017772372215749746,0.2804645341003022
2024-04-23 19:15:00,1,66654.0,66554.0,-0.004063544512244447,0.27640098958805775
2024-04-23 21:25:00,-1,66234.9,66414.4,-0.004397644717556419,0.2720033448705013
2024-04-24 00:00:00,1,66346.6,66509.7,0.004204317679689854,0.2753667990142532
2024-04-24 01:25:00,1,66663.3,66759.3,0.0018358143165651502,0.27683545046750535
2024-04-24 02:45:00,1,66704.9,66564.8,-0.005221294235624882,0.27161415623188045
2024-04-24 05:35:00,1,66623.1,66666.1,0.00039351500212720617,0.2719289682335822
2024-04-24 07:00:00,-1,66746.8,66672.8,0.0015944416126385198,0.273204521523693
2024-04-24 07:50:00,1,66627.4,66620.1,-0.0011215907838049801,0.27208293073988804
2024-04-24 11:30:00,-1,66350.6,66544.8,-0.005341348748824484,0.26674158199106357
2024-04-24 12:05:00,1,66529.2,66700.0,0.004099073448082129,0.27002084074952926
2024-04-24 12:50:00,1,66372.9,66407.6,0.000198624078996021,0.2701797400127261
2024-04-24 18:20:00,-1,64796.1,64680.1,0.0011296080574538193,0.27108342645868916
2024-04-24 19:30:00,-1,64261.2,64463.1,-0.0032558035219950143,0.26782762293669415
2024-04-25 02:05:00,1,64299.4,64175.1,-0.0032013664560961923,0.26462625648059795
2024-04-25 02:50:00,-1,64222.6,64221.5,-0.0004157767160161066,0.26421047976458184
2024-04-25 04:45:00,-1,64156.1,64320.1,-0.004495106424809843,0.259715373339772
2024-04-25 11:35:00,-1,63642.2,63834.7,-0.003117357149148029,0.256598016190624
2024-04-25 14:15:00,-1,63734.0,63730.2,-0.00021372757627307492,0.2563842886143509
2024-04-25 14:40:00,1,63631.4,63489.8,-0.0018014574871421996,0.2545828311272087
2024-04-25 15:25:00,-1,63365.7,63652.6,-0.003825961178488501,0.2507568699487202
2024-04-25 17:25:00,1,64437.9,64530.0,0.0008593457460619545,0.2514443465455698
2024-04-25 19:00:00,1,64523.0,64751.3,0.0029553975555573087,0.25380866459001566
2024-04-25 20:00:00,1,64570.6,64960.1,0.007865140672950618,0.26010077712837615
2024-04-25 22:05:00,1,64586.3,64633.8,0.0003915086823881273,0.2604139840742867
2024-04-26 01:50:00,-1,64189.0,64409.0,-0.003516067617970356,0.2568979164563163
2024-04-26 03:00:00,1,64408.4,64294.9,-0.00220124170834967,0.25469667474796664
2024-04-26 07:10:00,1,64418.0,64268.2,-0.005436170098014418,0.24926050464995222
