entry_time,exit_time,entry_price,exit_price,size,signal,net_pnl,exit_reason
2024-09-22 06:05:00,2024-09-22 06:30:00,62934.417050000004,62931.45,7.944778444563342e-05,-3.0,-0.0047640387256112195,signal_reversal
2024-09-22 07:00:00,2024-09-22 08:20:00,62852.158200000005,62986.17734999999,7.939641380961171e-05,-3.0,-0.015641516492977466,signal_reversal
2024-09-22 11:25:00,2024-09-22 11:50:00,62672.548050000005,62803.58609999999,7.929475286141853e-05,-3.0,-0.015370624628801595,signal_reversal
2024-09-22 14:55:00,2024-09-22 15:15:00,62606.681000000004,62730.3495,7.90532879387507e-05,-3.0,-0.014735441920974764,signal_reversal
2024-09-22 18:05:00,2024-09-22 18:45:00,62918.525,63031.600049999994,7.834861472168237e-05,3.0,-0.013797712074692983,signal_reversal
2024-09-22 19:15:00,2024-09-22 19:30:00,62816.1762,62927.54805,0.00011726721395211538,4.0,-0.02043960480285379,signal_reversal
2024-09-22 20:35:00,2024-09-22 21:00:00,63127.12065,63297.032699999996,7.735258712383264e-05,3.0,-0.018039325887620763,signal_reversal
2024-09-22 21:30:00,2024-09-22 22:10:00,63095.13665,62648.1084,7.702849991320599e-05,3.0,0.02960822570387394,signal_reversal
2024-09-22 23:10:00,2024-09-23 00:20:00,63537.31545,63136.65254999999,7.68819361558996e-05,3.0,0.025949671407392058,signal_reversal
2024-09-23 01:20:00,2024-09-23 01:35:00,63574.097050000004,63925.7469,7.716879762622779e-05,3.0,-0.032069469135574485,signal_reversal
2024-09-23 04:15:00,2024-09-23 04:40:00,64120.82355000001,63886.527299999994,7.593416544252255e-05,3.0,0.012939920076517251,signal_reversal
2024-09-23 05:40:00,2024-09-23 05:55:00,63787.890100000004,63756.762449999995,7.64570230331113e-05,-3.0,-0.002494724802138906,signal_reversal
2024-09-23 06:35:00,2024-09-23 07:00:00,63638.86465,63629.5989,7.652022788914616e-05,-3.0,-0.004159934106758654,signal_reversal
2024-09-23 08:25:00,2024-09-23 08:40:00,63502.4329,63366.76755,7.654243481893657e-05,-3.0,0.005533909534680862,signal_reversal
2024-09-23 08:55:00,2024-09-23 09:30:00,63428.6698,63638.003099999994,7.664206304694934e-05,-3.0,-0.02092108382219744,signal_reversal
2024-09-23 13:25:00,2024-09-23 14:25:00,63263.05265,63648.408299999996,7.643516269466218e-05,-3.0,-0.03431969824672391,signal_reversal
2024-09-23 16:15:00,2024-09-23 16:30:00,63402.8827,63333.95115,7.564902883974288e-05,3.0,0.00042345291683704763,signal_reversal
2024-09-23 16:50:00,2024-09-23 16:55:00,63220.374,63231.70004999999,7.579824801906557e-05,-3.0,-0.005651346830032545,signal_reversal
2024-09-23 22:15:00,2024-09-23 22:30:00,63235.46645,63331.54995,7.561500715223644e-05,-3.0,-0.012054170142143428,signal_reversal
2024-09-24 02:50:00,2024-09-24 03:00:00,63078.74485,63115.541999999994,7.553597553077689e-05,-3.0,-0.007547002658125385,signal_reversal
2024-09-24 04:40:00,2024-09-24 04:50:00,62967.7004,63011.089799999994,7.547365998959172e-05,3.0,-0.008030434389890675,signal_reversal
2024-09-24 05:40:00,2024-09-24 05:45:00,63071.448500000006,63180.574499999995,7.514683879689043e-05,3.0,-0.012948294377595086,signal_reversal
2024-09-24 09:05:00,2024-09-24 09:40:00,63660.5538,63531.149699999994,7.41735938018995e-05,3.0,0.004886033458085436,signal_reversal
2024-09-24 09:45:00,2024-09-24 09:50:00,63453.25750000001,63534.5514,7.441849869038607e-05,3.0,-0.010777915920840772,signal_reversal
2024-09-24 11:35:00,2024-09-24 12:20:00,63516.92565,63651.10965,7.409987337892312e-05,-3.0,-0.014659556574970454,signal_reversal
2024-09-24 13:05:00,2024-09-24 13:35:00,63418.275,63591.98009999999,7.390976804967386e-05,-3.0,-0.017538572149055284,signal_reversal
2024-09-24 14:50:00,2024-09-24 15:05:00,63109.0297,63317.4429,7.391975784435207e-05,-3.0,-0.020086263322058304,signal_reversal
2024-09-24 18:50:00,2024-09-24 19:10:00,63661.85315,63856.01205,7.288906458263756e-05,3.0,-0.01880646558769563,signal_reversal
2024-09-24 21:20:00,2024-09-24 21:50:00,64054.1569,64092.13004999999,7.207660565098059e-05,3.0,-0.007356518940820076,signal_reversal
2024-09-24 22:40:00,2024-09-24 22:50:00,64242.96245,64426.19699999999,7.167840190469504e-05,3.0,-0.017751926559482552,signal_reversal
2024-09-24 23:10:00,2024-09-24 23:50:00,64352.4077,64336.852349999994,7.120908581945453e-05,3.0,-0.0034736861872423867,signal_reversal
2024-09-25 00:00:00,2024-09-25 00:05:00,64151.308300000004,64282.02495,7.130672906772131e-05,3.0,-0.013904717683223936,signal_reversal
2024-09-25 00:30:00,2024-09-25 00:40:00,64203.38225,64384.07595,7.096107187786748e-05,-3.0,-0.01739098167485558,signal_reversal
2024-09-25 01:05:00,2024-09-25 01:25:00,64103.1324,64387.37759999999,7.072967779257796e-05,-3.0,-0.024658669881643242,signal_reversal
2024-09-25 03:05:00,2024-09-25 03:10:00,64184.19185,64292.33009999999,7.018552554019821e-05,3.0,-0.012102130883518976,signal_reversal
2024-09-25 08:00:00,2024-09-25 09:15:00,63821.073500000006,63781.875,7.03246444804048e-05,-3.0,-0.0017288171070030584,signal_reversal
2024-09-25 11:35:00,2024-09-25 11:45:00,63692.03805,63762.76545,7.03695066142422e-05,-3.0,-0.009464006587184031,signal_reversal
2024-09-25 13:35:00,2024-09-25 13:45:00,63504.232,63651.70995,7.035800872222214e-05,-3.0,-0.014854662456281413,signal_reversal
2024-09-25 18:00:00,2024-09-25 18:05:00,63154.40700000001,63174.07124999999,7.044177637815183e-05,-3.0,-0.005835278501033092,signal_reversal
2024-09-25 18:55:00,2024-09-25 19:50:00,63289.9392,63323.746049999994,7.01284388036285e-05,-3.0,-0.006811617061051934,signal_reversal
2024-09-25 23:15:00,2024-09-25 23:20:00,63119.524450000004,63042.705599999994,7.013954279535842e-05,-3.0,0.0009662524696995795,signal_reversal
2024-09-26 03:25:00,2024-09-26 03:30:00,63248.16010000001,63362.76555,6.994217155522851e-05,3.0,-0.01244748346337516,signal_reversal
2024-09-26 04:20:00,2024-09-26 05:15:00,63392.78775,63537.652949999996,6.951646431007604e-05,3.0,-0.014487429489216205,signal_reversal
2024-09-26 06:00:00,2024-09-26 06:05:00,63528.719750000004,63631.699949999995,6.907030729487898e-05,3.0,-0.011507935128529502,signal_reversal
2024-09-26 08:45:00,2024-09-26 09:10:00,63719.924100000004,63649.70895,6.861358317059e-05,3.0,0.0004504784355360298,signal_reversal
2024-09-26 09:20:00,2024-09-26 09:30:00,63618.07505000001,63847.40775,6.866178730729649e-05,-3.0,-0.0201302702010602,signal_reversal
2024-09-26 09:40:00,2024-09-26 10:00:00,63760.60375,63782.2752,6.812407790357019e-05,3.0,-0.005821456232674695,signal_reversal
2024-09-26 11:30:00,2024-09-26 11:35:00,64258.954450000005,64436.90235,6.743756236877226e-05,3.0,-0.016345840225720117,signal_reversal
2024-09-26 12:35:00,2024-09-26 12:40:00,64357.705050000004,64612.28999999999,6.701276774318018e-05,3.0,-0.02139029050838344,signal_reversal
2024-09-26 15:50:00,2024-09-26 16:05:00,65122.4225,65395.0812,6.583116379846583e-05,3.0,-0.022254473842867925,signal_reversal
2024-09-26 17:20:00,2024-09-26 18:15:00,65378.794250000006,65201.78459999999,6.516705229455911e-05,3.0,0.007286189011465773,signal_reversal
2024-09-26 20:35:00,2024-09-26 20:45:00,64796.485550000005,64707.93779999999,6.579938577475204e-05,-3.0,0.0015686449997462599,signal_reversal
2024-09-26 21:10:00,2024-09-26 21:35:00,64780.09375,64963.66559999999,6.577443438174639e-05,-3.0,-0.016347282962365244,signal_reversal
2024-09-26 22:20:00,2024-09-26 22:35:00,64967.5,65188.1778,6.526749326378256e-05,3.0,-0.01865775578040596,signal_reversal
2024-09-26 22:50:00,2024-09-26 23:05:00,64991.488000000005,64989.57855,6.489107999751889e-05,3.0,-0.004093337667991405,signal_reversal
2024-09-27 01:35:00,2024-09-27 02:00:00,65047.46000000001,65109.43845,6.470747883854073e-05,3.0,-0.008223536852512882,signal_reversal
2024-09-27 03:20:00,2024-09-27 03:55:00,64945.81085000001,65370.668999999994,6.461732469780771e-05,-3.0,-0.031677274773544865,signal_reversal
2024-09-27 04:55:00,2024-09-27 05:35:00,65241.46295,65166.566999999995,6.37746374774671e-05,3.0,0.0006204878737047842,signal_reversal
2024-09-27 06:45:00,2024-09-27 08:10:00,65212.3775,65557.06215,6.374879347653652e-05,3.0,-0.026152414183310817,signal_reversal
2024-09-27 10:00:00,2024-09-27 10:25:00,65617.3749,65574.9711,6.289341454275026e-05,3.0,-0.001457314069433291,signal_reversal
2024-09-27 10:45:00,2024-09-27 10:55:00,65511.727750000005,65488.22775,6.290959935738424e-05,-3.0,-0.0026414625854786454,signal_reversal
2024-09-27 11:45:00,2024-09-27 12:50:00,65418.874200000006,65775.57135,6.289551474475095e-05,-3.0,-0.026571639274923523,signal_reversal
2024-09-27 13:00:00,2024-09-27 13:05:00,65667.15000000001,65767.56735,6.219041901147406e-05,3.0,-0.01033510964338299,signal_reversal
2024-09-27 13:50:00,2024-09-27 14:15:00,65438.96415,66017.9925,6.218693479383543e-05,-3.0,-0.04011345484004911,signal_reversal
2024-09-27 15:40:00,2024-09-27 17:00:00,66137.1149,66340.05344999999,6.086243252705841e-05,3.0,-0.016388950833455634,signal_reversal
2024-09-27 17:15:00,2024-09-27 17:30:00,65881.34285,65833.9005,6.078885619753231e-05,3.0,-0.0011180013185943037,signal_reversal
2024-09-27 17:50:00,2024-09-27 18:10:00,65812.57725,65771.56934999999,6.077453263409064e-05,-3.0,-0.0015050004310507097,signal_reversal
2024-09-27 18:50:00,2024-09-27 19:55:00,65732.41735,65645.6064,6.076490194314917e-05,-3.0,0.001286110028447007,signal_reversal
2024-09-27 20:35:00,2024-09-27 20:50:00,65747.11,65848.60785,6.071013282397607e-05,-3.0,-0.010159625683695397,signal_reversal
2024-09-27 22:45:00,2024-09-27 23:30:00,65837.56475,65772.4698,6.0411782460833026e-05,3.0,-4.093017877058146e-05,signal_reversal
2024-09-28 00:50:00,2024-09-28 00:55:00,65782.6922,65909.23815,6.040109049549955e-05,3.0,-0.011624503235776526,signal_reversal
2024-09-28 03:15:00,2024-09-28 04:05:00,66033.46675,66002.985,5.993549467898278e-05,3.0,-0.0021289827913330197,signal_reversal
2024-09-28 07:40:00,2024-09-28 08:00:00,65833.76665,65739.8535,6.0024846895844834e-05,-3.0,0.0016910978089641968,signal_reversal
2024-09-28 08:40:00,2024-09-28 08:45:00,65652.1575,65666.01659999999,6.015645715509461e-05,-3.0,-0.004783949269501017,signal_reversal
2024-09-28 09:35:00,2024-09-28 10:05:00,65526.32045000001,65650.809,6.0138701856849954e-05,-3.0,-0.011434734222152795,signal_reversal
2024-09-28 11:30:00,2024-09-28 11:35:00,65648.05954999999,65775.27119999999,5.979296987838417e-05,3.0,-0.011539261166233546,signal_reversal
2024-09-28 12:10:00,2024-09-28 12:45:00,65632.86715,65522.5449,5.9571188390998496e-05,3.0,0.0026687716723735573,signal_reversal
2024-09-28 13:25:00,2024-09-28 13:40:00,65485.141050000006,65606.9871,5.968662164793133e-05,-3.0,-0.011188438502142907,signal_reversal
2024-09-28 18:45:00,2024-09-28 19:15:00,65655.5558,65768.868,5.93017569439753e-05,3.0,-0.010619821967803532,signal_reversal
2024-09-28 19:30:00,2024-09-28 20:00:00,65653.3569,65768.0676,5.908268340644948e-05,3.0,-0.010663169887696736,signal_reversal
2024-09-28 23:00:00,2024-09-28 23:15:00,65605.68075,65639.4033,5.8903959378629824e-05,3.0,-0.00585281246096486,signal_reversal
2024-09-29 00:05:00,2024-09-29 00:10:00,65767.69970000001,65848.7079,5.861109822410981e-05,3.0,-0.008607444653814893,signal_reversal
2024-09-29 02:35:00,2024-09-29 02:55:00,65785.59075,65821.79444999999,5.840572230978344e-05,3.0,-0.005958872697364096,signal_reversal
2024-09-29 03:05:00,2024-09-29 03:20:00,65710.9281,65790.879,5.832292935894308e-05,3.0,-0.008500087481263472,signal_reversal
2024-09-29 06:00:00,2024-09-29 06:10:00,65546.2105,65567.46734999999,5.828134452392071e-05,-3.0,-0.005060237952529032,signal_reversal
2024-09-29 07:00:00,2024-09-29 07:20:00,65475.645800000006,65462.81505,5.8208527317175476e-05,-3.0,-0.0030636349962218003,signal_reversal
2024-09-29 08:35:00,2024-09-29 09:00:00,65518.32445000001,65612.08965,5.8065679688571824e-05,-3.0,-0.009254350650448884,signal_reversal
2024-09-29 09:25:00,2024-09-29 09:30:00,65543.4119,65651.10915,5.7844216751156686e-05,3.0,-0.010027200060129807,signal_reversal
2024-09-29 09:45:00,2024-09-29 10:00:00,65542.21250000001,65563.46535,5.763444157716313e-05,3.0,-0.0050036098549835605,signal_reversal
2024-09-29 12:50:00,2024-09-29 13:10:00,65603.38190000001,65770.36875,5.744685120413084e-05,3.0,-0.013371169312217811,signal_reversal
2024-09-29 17:50:00,2024-09-29 18:55:00,65743.5118,65788.6779,5.7063697066854446e-05,3.0,-0.006331489834205841,signal_reversal
2024-09-29 21:45:00,2024-09-29 22:10:00,65808.37935,65724.74595,5.685423073392697e-05,-3.0,0.001018182749493121,signal_reversal
2024-09-29 23:40:00,2024-09-30 00:10:00,65550.20850000001,65497.1322,5.7036607011805425e-05,-3.0,-0.0007084421249505279,signal_reversal
2024-09-30 00:45:00,2024-09-30 01:15:00,65326.02065,65232.6,5.716426993398542e-05,-3.0,0.0016113492991126788,signal_reversal
2024-09-30 05:25:00,2024-09-30 05:55:00,64474.3467,64538.45309999999,5.7886454135573915e-05,-3.0,-0.007446794388750195,signal_reversal
2024-09-30 06:20:00,2024-09-30 06:35:00,64511.128300000004,64458.0129,5.768016194298576e-05,3.0,-0.0006542437489284606,signal_reversal
2024-09-30 08:50:00,2024-09-30 09:00:00,64209.779050000005,64172.470199999996,5.788272637565392e-05,-3.0,-0.0015549395774955952,signal_reversal
2024-09-30 10:25:00,2024-09-30 10:30:00,63556.206000000006,63515.341799999995,5.839501330119448e-05,-3.0,-0.0013227137266976058,signal_reversal
2024-09-30 10:45:00,2024-09-30 12:15:00,63574.49685,63836.50229999999,5.82990286854629e-05,-3.0,-0.01899626932406433,signal_reversal
2024-09-30 14:00:00,2024-09-30 14:05:00,63742.61275,63724.14615,5.778910929223616e-05,3.0,-0.0026153932807607867,signal_reversal
2024-09-30 16:10:00,2024-09-30 16:35:00,63583.29245,63539.153699999995,5.783484388730917e-05,-3.0,-0.0011220193193399552,signal_reversal
2024-09-30 17:20:00,2024-09-30 17:55:00,63550.4089,63705.837,5.778924962314206e-05,-3.0,-0.012663585786194732,signal_reversal
2024-09-30 18:40:00,2024-09-30 19:25:00,63302.5329,63457.01265,5.7757472882180526e-05,-3.0,-0.012587476658787507,signal_reversal
2024-09-30 23:55:00,2024-10-01 00:15:00,63277.44545,63107.037749999996,5.752366629963164e-05,-3.0,0.006172327488998677,signal_reversal
2024-10-01 03:25:00,2024-10-01 03:30:00,63491.73825,63636.70245,5.736940165111322e-05,3.0,-0.011967308957438444,signal_reversal
2024-10-01 07:15:00,2024-10-01 07:30:00,63863.95205000001,64044.8064,5.679061700349254e-05,3.0,-0.013907974195590487,signal_reversal
2024-10-01 07:50:00,2024-10-01 08:00:00,63935.2164,64088.32815,5.645305665633402e-05,3.0,-0.012261608317562334,signal_reversal
2024-10-01 09:40:00,2024-10-01 09:55:00,63876.2459,63866.21715,5.625671008716625e-05,3.0,-0.003028718781284608,signal_reversal
2024-10-01 14:20:00,2024-10-01 14:30:00,62805.081750000005,62635.201949999995,5.7110749017128927e-05,-3.0,0.006124819322676978,signal_reversal
2024-10-01 15:35:00,2024-10-01 16:30:00,62576.296200000004,62193.28109999999,5.736011002335994e-05,-3.0,0.018402374829999117,signal_reversal
2024-10-01 20:55:00,2024-10-01 21:05:00,60748.31065,60704.9373,5.932998280803185e-05,-3.0,-0.0010282827765448043,signal_reversal
2024-10-01 21:45:00,2024-10-01 22:35:00,60969.400050000004,60710.34,5.90388579275261e-05,-3.0,0.011710340348656435,signal_reversal
2024-10-01 23:40:00,2024-10-02 00:05:00,60929.42005000001,60950.46,5.9210714973474065e-05,-3.0,-0.004854710797067758,signal_reversal
2024-10-02 00:50:00,2024-10-02 01:00:00,60946.5115,61208.589,5.905526091937989e-05,3.0,-0.019091744337500834,signal_reversal
2024-10-02 03:55:00,2024-10-02 04:40:00,61687.141,61530.5499,5.7978391027754446e-05,3.0,0.0055114577450115386,signal_reversal
2024-10-02 06:55:00,2024-10-02 07:20:00,61642.063550000006,61598.383799999996,5.8052179189983285e-05,3.0,-0.0010402157401966962,signal_reversal
2024-10-02 07:50:00,2024-10-02 08:05:00,61688.1405,61621.195199999995,5.793394675247035e-05,3.0,0.0003084464039881593,signal_reversal
2024-10-02 08:50:00,2024-10-02 09:50:00,61719.125,61214.09175,5.7851955223650896e-05,3.0,0.025675806070477456,signal_reversal
2024-10-02 10:25:00,2024-10-02 10:55:00,61415.4769,61202.78609999999,5.849791406500407e-05,-3.0,0.008861732819001,signal_reversal
2024-10-02 13:50:00,2024-10-02 14:10:00,61228.67035000001,61289.92965,5.876244453651573e-05,-3.0,-0.007201292310300303,signal_reversal
2024-10-02 16:35:00,2024-10-02 17:30:00,61929.4198,61284.92715,5.7923150554539926e-05,3.0,0.03378122873521096,signal_reversal
2024-10-02 17:55:00,2024-10-02 18:10:00,61567.500850000004,61103.7366,5.875406892464552e-05,-3.0,0.023657943557537187,signal_reversal
2024-10-02 20:35:00,2024-10-02 21:00:00,60616.47660000001,60853.8117,6.0006486599852156e-05,-3.0,-0.017893268934149907,signal_reversal
2024-10-02 23:15:00,2024-10-02 23:45:00,60725.8219,60676.42305,5.9543881448942355e-05,3.0,-0.000671510472720687,signal_reversal
2024-10-03 03:05:00,2024-10-03 03:30:00,61086.4415,61314.642,5.912218308690251e-05,3.0,-0.01711676723175452,signal_reversal
2024-10-03 04:10:00,2024-10-03 04:35:00,61271.448950000005,61423.6965,5.860536202449483e-05,3.0,-0.012522280755357152,signal_reversal
2024-10-03 04:50:00,2024-10-03 05:25:00,61256.75630000001,61199.18429999999,5.835637645862868e-05,3.0,-0.00021166933249477157,signal_reversal
2024-10-03 06:55:00,2024-10-03 07:05:00,61269.150100000006,61253.51145,5.828277255005531e-05,3.0,-0.002658560594792167,signal_reversal
2024-10-03 09:15:00,2024-10-03 10:20:00,60457.855950000005,60770.87025,5.896184022845901e-05,-3.0,-0.02203906148804757,signal_reversal
2024-10-03 11:20:00,2024-10-03 12:00:00,60626.071800000005,60553.8618,5.837591930453863e-05,3.0,0.0006804377829661241,signal_reversal
2024-10-03 15:20:00,2024-10-03 15:45:00,60269.850000000006,60391.3806,5.8673516032573144e-05,-3.0,-0.01067400224541103,signal_reversal
2024-10-03 18:05:00,2024-10-03 18:15:00,60513.82795,60770.06984999999,5.820213136921757e-05,3.0,-0.01845077231482377,signal_reversal
2024-10-03 18:30:00,2024-10-03 19:30:00,60497.83595,60910.13984999999,5.7854316653805796e-05,3.0,-0.027377474906508093,signal_reversal
2024-10-03 20:30:00,2024-10-03 21:15:00,60634.6675,60958.464,5.721452042359872e-05,3.0,-0.0220135707458588,signal_reversal
2024-10-03 21:30:00,2024-10-03 21:50:00,60763.50305000001,60770.87025,5.667383371651986e-05,3.0,-0.00386164566311267,signal_reversal
2024-10-04 01:20:00,2024-10-04 01:30:00,60909.62995,61044.306899999996,5.6417931357961706e-05,-3.0,-0.01104218843707783,signal_reversal
2024-10-04 02:20:00,2024-10-04 02:35:00,60917.02625,61139.3544,5.617340419336899e-05,3.0,-0.015923334700346462,signal_reversal
2024-10-04 03:00:00,2024-10-04 03:40:00,60969.59995,60932.15084999999,5.58076728263193e-05,3.0,-0.0013105344187999187,signal_reversal
2024-10-04 04:45:00,2024-10-04 05:05:00,60889.34010000001,61142.85615,5.5803829945859515e-05,3.0,-0.017559172089744272,signal_reversal
2024-10-04 08:55:00,2024-10-04 09:40:00,61379.694800000005,61354.361849999994,5.5016587504860235e-05,3.0,-0.0019817751570935342,signal_reversal
2024-10-04 14:00:00,2024-10-04 14:10:00,61326.5214,61299.734549999994,5.497691042164241e-05,3.0,-0.0018974117622976132,signal_reversal
2024-10-04 14:45:00,2024-10-04 15:10:00,61141.214100000005,61628.69895,5.505735809461054e-05,-3.0,-0.030232741299142246,signal_reversal
2024-10-04 17:15:00,2024-10-04 18:30:00,62068.950000000004,62215.092,5.3693105877008836e-05,3.0,-0.011187339400981272,signal_reversal
2024-10-04 20:10:00,2024-10-04 20:45:00,62250.95895,62431.2,5.330286867684882e-05,3.0,-0.012935127073265263,signal_reversal
2024-10-04 21:05:00,2024-10-04 21:20:00,62310.629100000006,62425.09695,5.299098172893553e-05,3.0,-0.009373730919804675,signal_reversal
2024-10-04 21:30:00,2024-10-04 22:10:00,62268.94995,62264.616749999994,5.2822888108274845e-05,3.0,-0.0030601047449386547,signal_reversal
2024-10-04 23:50:00,2024-10-05 00:00:00,62034.1674,62183.37615,5.2920456304985464e-05,-3.0,-0.011186967775138942,signal_reversal
2024-10-05 03:20:00,2024-10-05 03:40:00,61872.948050000006,61941.9555,5.282448475618405e-05,-3.0,-0.006917334874665588,signal_reversal
2024-10-05 04:35:00,2024-10-05 04:45:00,61938.91505,61978.27365,5.260377675297453e-05,-3.0,-0.0053307022783289654,signal_reversal
2024-10-05 04:50:00,2024-10-05 05:05:00,61894.73715,62047.30815,5.25025565355955e-05,3.0,-0.011268009857219036,signal_reversal
2024-10-05 06:05:00,2024-10-05 06:25:00,62017.3758,62135.55224999999,5.216464342369051e-05,3.0,-0.0094059113023825,signal_reversal
2024-10-05 07:45:00,2024-10-05 08:10:00,62030.969000000005,62104.53675,7.792413985382716e-05,4.0,-0.010572146246995128,signal_reversal
2024-10-05 09:55:00,2024-10-05 11:45:00,62188.0904,62192.28059999999,5.15704436702293e-05,3.0,-0.0034233739764718734,signal_reversal
2024-10-05 15:25:00,2024-10-05 16:05:00,62121.923500000004,62122.4457,5.151863933419461e-05,-3.0,-0.0032273669080363013,signal_reversal
2024-10-05 17:20:00,2024-10-05 18:05:00,61924.2224,61912.941,5.157931813873442e-05,-3.0,-0.0026115403610933834,signal_reversal
2024-10-05 21:15:00,2024-10-05 21:30:00,61804.6822,61903.53629999999,5.1585147025229646e-05,-3.0,-0.008292706303963355,signal_reversal
2024-10-06 00:05:00,2024-10-06 00:30:00,61894.037500000006,61943.5563,5.1325181496076856e-05,3.0,-0.0057208256670774095,signal_reversal
2024-10-06 00:40:00,2024-10-06 00:55:00,61850.959050000005,61922.945999999996,5.1217074213454705e-05,3.0,-0.0068584730813475575,signal_reversal
2024-10-06 04:50:00,2024-10-06 05:05:00,61821.77365,61848.508799999996,5.1079072552555716e-05,-3.0,-0.004524771134815691,signal_reversal
2024-10-06 05:20:00,2024-10-06 05:45:00,61882.443300000006,61978.173599999995,5.090484673218458e-05,-3.0,-0.008028125676974184,signal_reversal
2024-10-06 06:35:00,2024-10-06 06:40:00,61923.023,62001.88545,5.0690969167171176e-05,3.0,-0.007140549685050035,signal_reversal
2024-10-06 08:35:00,2024-10-06 09:20:00,61944.8121,62058.213599999995,5.050719270639855e-05,3.0,-0.008861977567004329,signal_reversal
2024-10-06 10:00:00,2024-10-06 10:15:00,62001.78360000001,62036.30265,5.026739143303386e-05,3.0,-0.004853585706611573,signal_reversal
2024-10-06 15:25:00,2024-10-06 15:50:00,62418.775,62708.838749999995,4.98038878868589e-05,3.0,-0.017569446459661676,signal_reversal
2024-10-06 16:20:00,2024-10-06 16:55:00,62669.2497,62597.282999999996,4.927487631949867e-05,3.0,0.00046167686386102986,signal_reversal
2024-10-06 18:50:00,2024-10-06 19:00:00,62632.8679,62811.39,4.9261566471222165e-05,3.0,-0.011888465759367127,signal_reversal
2024-10-06 19:55:00,2024-10-06 20:00:00,62570.199250000005,62686.02735,4.907159259836335e-05,3.0,-0.008759972530371137,signal_reversal
2024-10-06 21:00:00,2024-10-06 21:10:00,62580.39415,62566.56765,4.8874555299323796e-05,-3.0,-0.0023821491316525683,signal_reversal
2024-10-06 22:10:00,2024-10-06 23:00:00,62431.568600000006,62772.1704,4.890391615871503e-05,-3.0,-0.01972656682904944,signal_reversal
2024-10-06 23:55:00,2024-10-07 00:00:00,62757.90535000001,62846.90775,4.8286641572015856e-05,3.0,-0.007332293096282512,signal_reversal
2024-10-07 02:35:00,2024-10-07 03:55:00,63609.579300000005,63526.347299999994,4.747721731698708e-05,3.0,0.0009355695556114898,signal_reversal
2024-10-07 06:05:00,2024-10-07 06:35:00,63417.775250000006,63561.86504999999,4.758794157800371e-05,-3.0,-0.009881715304973976,signal_reversal
2024-10-07 07:10:00,2024-10-07 07:40:00,63530.618800000004,63447.708,4.730036954898005e-05,3.0,0.000920611444166039,signal_reversal
2024-10-07 13:05:00,2024-10-07 13:25:00,62882.942800000004,63116.442449999995,4.775440211447351e-05,-3.0,-0.014164724152480705,signal_reversal
2024-10-07 14:50:00,2024-10-07 15:35:00,63912.92755000001,63694.03109999999,4.671620890449337e-05,3.0,0.00725046862381578,signal_reversal
2024-10-07 21:05:00,2024-10-07 21:25:00,63127.72035,63269.91915,4.736484000205517e-05,-3.0,-0.009731993007966878,signal_reversal
2024-10-07 21:35:00,2024-10-07 21:40:00,63278.844750000004,63306.13725,4.7050674810086585e-05,-3.0,-0.004262727019486556,signal_reversal
2024-10-08 01:40:00,2024-10-08 01:50:00,62593.6875,62622.395549999994,4.745002932322891e-05,-3.0,-0.0043336323194507675,signal_reversal
2024-10-08 02:40:00,2024-10-08 03:00:00,62488.64005,62772.57059999999,4.741291537672456e-05,-3.0,-0.016438205717853656,signal_reversal
2024-10-08 03:10:00,2024-10-08 04:20:00,62623.972350000004,62731.45004999999,4.700065355047224e-05,3.0,-0.007999941292619857,signal_reversal
2024-10-08 06:35:00,2024-10-08 06:50:00,62385.091850000004,62491.73024999999,4.700520961813252e-05,-3.0,-0.007949997225142783,signal_reversal
2024-10-08 07:30:00,2024-10-08 08:15:00,62203.98245,62336.1525,4.696711983448103e-05,-3.0,-0.009135396121367021,signal_reversal
2024-10-08 10:25:00,2024-10-08 11:40:00,62413.177800000005,62611.6902,4.6616516935175664e-05,3.0,-0.012172695572990281,signal_reversal
2024-10-08 12:05:00,2024-10-08 12:55:00,62534.21725,62447.708249999996,4.6285104485879524e-05,3.0,0.0011136794027142342,signal_reversal
2024-10-08 14:25:00,2024-10-08 14:30:00,62299.73455000001,62369.06895,4.643072842727383e-05,3.0,-0.006115087999746992,signal_reversal
2024-10-08 14:40:00,2024-10-08 14:55:00,62426.771,62783.275949999996,4.619195098087916e-05,-3.0,-0.019367741179941955,signal_reversal
2024-10-08 15:45:00,2024-10-08 16:00:00,62231.36875,62098.93395,4.597943204327628e-05,-3.0,0.0032340031732510837,signal_reversal
2024-10-08 16:15:00,2024-10-08 16:50:00,62216.876000000004,62526.94785,4.599613183059124e-05,-3.0,-0.017138103425828093,signal_reversal
2024-10-08 18:00:00,2024-10-08 18:10:00,62383.5926,62421.195,4.5552615248502705e-05,-3.0,-0.004556336338806882,signal_reversal
2024-10-08 23:40:00,2024-10-09 00:35:00,62133.7176,62034.90195,4.5616741261861996e-05,-3.0,0.0016778178672147716,signal_reversal
2024-10-09 01:45:00,2024-10-09 01:50:00,62270.948950000005,62460.11445,4.549763970707272e-05,3.0,-0.011448371547316687,signal_reversal
2024-10-09 02:05:00,2024-10-09 02:30:00,62268.0504,62271.119999999995,4.527040157335265e-05,3.0,-0.00295800063349178,signal_reversal
2024-10-09 06:35:00,2024-10-09 07:00:00,62352.50815,62342.15549999999,4.511643284260526e-05,3.0,-0.0023455810334106456,signal_reversal
2024-10-09 07:35:00,2024-10-09 08:00:00,62242.96295,62248.00845,4.511295590142746e-05,-3.0,-0.0030358090791571942,signal_reversal
