Open Time,Close Time,Duration,Open Price,Close Price,Pips,Lots,Profit,Symbol,Type,Open Hour
2026-02-02 01:44:52,2026-02-02 01:45:26,00:00:34,183.951,183.947,0.4,2,5.16,EURJPY,Sell,1
2026-02-02 08:06:54,2026-02-02 11:21:56,03:15:02,1.1846,1.185,4,5,200,EURUSD,Buy,8
2026.02.04 07:35:38,2026-02-04 07:46:50,,1.3716,1.372,-3,1,$-45,GBPUSD,Sell,
2026-02-02 11:07:46,2026-02-02 21:36:06,10:28:20,25245.8,25779.6,533.8,3,16004.1,NDX100,Buy,11
2026-02-02 01:31:53,2026-02-02 01:34:33,00:02:40,6905.89,6911.83,5.94,3,178.2,SPX500,Buy,1
2026-02-02 17:50:32,2026-02-02 17:51:54,00:01:22,66.325,66.337,12,3,3.6,UKOUSD,Buy,17
2026-02-02 02:00:49,2026-02-02 02:09:11,00:08:22,48846.7,48817.4,-29.3,3,876.9,US30,Sell,2
2026-02-02 08:08:42,2026-02-02 13:01:05,04:52:23,48487.1,48751.2,2641,3,7923,US30,Buy,8
2026.02.02 14:16:04,2026-02-02 20:41:40,,48847.5,49362.2,0,2,$-10293.4,US30,Sell,
2026.02.02 18:05:05,2026-02-02 20:41:43,,49287.8,49363.2,0,1,$-753.7,US30,Sell,
2026-02-02 01:18:07,2026-02-02 02:05:58,00:47:51,78.802,83.507,4705,3,70560,XAGUSD,Buy,1
2026-02-02 01:57:03,2026-02-02 01:57:32,00:00:29,82.251,81.406,-845,3,12390,XAGUSD,Sell,1
2026-02-02 02:06:02,2026-02-03 01:15:42,23:09:40,83.335,81.207,-2128,3,31920,XAGUSD,Sell,2
2026-02-02 02:08:37,2026-02-02 07:59:26,05:50:49,83.752,76.79,-6962,3,104430,XAGUSD,Sell,2
2026-02-02 06:23:06,2026-02-02 08:28:58,02:05:52,79.13,75.222,-3908,3,58620,XAGUSD,Sell,6
2026-02-02 08:05:22,2026-02-02 13:01:05,04:55:43,76.653,81.866,5213,3,78195,XAGUSD,Buy,8
2026-02-02 08:29:01,2026-02-03 08:30:55,"1 day, 0:01:54",74.82,84.682,9862,3,148440,XAGUSD,Buy,8
2026-02-02 13:15:34,2026-02-02 17:52:31,04:36:57,83.005,76.65,-6355,3,95325,XAGUSD,Sell,13
2026-02-02 17:58:56,2026-02-03 01:20:51,07:21:55,76.033,81.409,5376,3,80640,XAGUSD,Buy,17
2026-02-03 01:15:49,2026-02-05 03:15:59,"2 days, 2:00:10",81.162,87.903,6741,3,101085,XAGUSD,Buy,1
2026-02-03 09:40:12,2026-02-03 20:33:35,10:53:23,86.603,83.225,-3378,3,50670,XAGUSD,Sell,9
2026-02-03 12:36:22,2026-02-04 01:36:54,13:00:32,86.707,84.216,-2491,3,37365,XAGUSD,Sell,12
2026-02-03 20:36:01,2026-02-03 21:51:26,01:15:25,83.738,83.726,-12,3,195,XAGUSD,Buy,20
2026-02-04 16:19:05,2026-02-04 17:06:09,00:47:04,91.282,89.984,-1298,3,19470,XAGUSD,Sell,16
2026-02-05 03:16:07,2026-02-05 04:57:02,01:40:55,87.973,76.465,-11508,3,172650,XAGUSD,Sell,3
2026.02.02 01:18:07,2026-02-02 02:05:58,00:47:51,78.802,83.507,-9,3,$70560,XAGUSD,Buy,
2026.02.02 02:06:02,2026-02-03 01:15:42,09:09:40,83.335,81.207,-9,3,$31920,XAGUSD,Sell,
2026.02.02 02:36:46,2026-02-02 01:56:09,,87.507,80.5,,,$105105,XAGUSD,,
2026.02.02 03:11:41,2026-02-02 12:05:52,,81.218,82.102,-9,3,$13260,XAGUSD,Buy,
2026.02.02 12:06:01,2026-02-02 18:00:59,,82.087,75.856,-9,3,$93465,XAGUSD,Sell,
2026.02.02 18:04:16,2026-02-03 02:01:52,,76.619,82.846,-9,3,$93405,XAGUSD,Buy,
2026.02.03 01:15:49,2026-02-05 03:15:59,2 days 02:00:10,81.162,87.903,-9,3,$101085,XAGUSD,Buy,
2026.02.03 02:31:39,2026-02-03 04:44:58,,83.59,81.412,-9,3,$32670,XAGUSD,Sell,
2026.02.03 04:52:11,2026-02-03 06:16:09,,81.761,83.176,-9,3,$21225,XAGUSD,Buy,
2026.02.03 08:49:18,2026-02-03 22:18:56,,84.551,84.824,-9,3,$-4095,XAGUSD,Sell,
2026.02.03 12:36:22,2026-02-04 01:36:54,13:00:32,86.707,84.216,-9,3,$37365,XAGUSD,Sell,
2026.02.03 22:19:00,2026-02-03 23:01:00,,84.804,84.896,-9,3,$1380,XAGUSD,Buy,
2026.02.04 16:19:05,2026-02-04 17:06:09,00:46:54,91.282,89.984,-9,3,$19470,XAGUSD,Sell,
2026.02.05 03:16:07,2026-02-05 04:57:02,01:40:55,87.973,76.465,-9,3,$172650,XAGUSD,Sell,
2026-02-02 01:18:08,2026-02-02 02:05:59,00:47:51,4729.04,4784.85,5581,3,16743,XAUUSD,Buy,1
2026-02-02 01:19:49,2026-02-02 01:34:33,00:14:44,4716.29,4745.08,2879,1,2879,XAUUSD,Buy,1
2026-02-02 01:19:59,2026-02-02 01:34:33,00:14:34,4719.27,4745.08,2581,1,2581,XAUUSD,Buy,1
2026-02-02 01:20:00,2026-02-02 01:34:33,00:14:33,4718.42,4745.08,2666,1,2666,XAUUSD,Buy,1
2026-02-02 01:42:52,2026-02-02 01:47:36,00:04:44,4771.01,4726.85,-4416,1,4416,XAUUSD,Sell,1
2026-02-02 01:42:57,2026-02-02 01:47:36,00:04:39,4775.06,4726.85,-4821,1,4821,XAUUSD,Sell,1
2026-02-02 02:06:22,2026-02-03 01:15:43,23:09:21,4781.14,4717.3,-6384,3,19182,XAUUSD,Sell,2
2026-02-02 02:09:18,2026-02-02 07:59:26,05:50:08,4807.68,4555.96,-25172,3,75516,XAUUSD,Sell,2
2026-02-02 06:23:16,2026-02-02 08:28:58,02:05:42,4679.37,4480.32,-19905,3,59715,XAUUSD,Sell,6
2026-02-02 08:08:56,2026-02-02 13:01:05,04:52:09,4537.13,4706.79,16966,3,50898,XAUUSD,Buy,8
2026-02-02 08:29:09,2026-02-03 08:30:56,"1 day, 0:01:47",4480.03,4869.99,38996,3,117117,XAUUSD,Buy,8
2026-02-02 13:10:42,2026-02-02 13:12:55,00:02:13,4726.29,4726.97,68,3,204,XAUUSD,Buy,13
2026-02-02 13:14:19,2026-02-02 17:52:31,04:38:12,4741.34,4651.8,-8954,3,26862,XAUUSD,Sell,13
2026-02-02 17:57:04,2026-02-03 01:20:51,07:23:47,4636.01,4733.79,9778,3,29334,XAUUSD,Buy,17
2026-02-03 01:15:52,2026-02-05 03:15:59,"2 days, 2:00:07",4718.22,4956.02,23780,3,71340,XAUUSD,Buy,1
2026-02-03 09:40:22,2026-02-03 20:33:35,10:53:13,4931.62,4888.88,-4274,3,12822,XAUUSD,Sell,9
2026-02-03 20:38:37,2026-02-04 02:11:54,05:33:17,4898.39,4966.13,6774,3,20322,XAUUSD,Buy,20
2026-02-04 16:19:03,2026-02-04 17:06:10,00:47:07,5037.91,4996.61,-4130,3,12390,XAUUSD,Sell,16
2026-02-05 03:12:33,2026-02-05 03:21:50,00:09:17,4982.13,4949.48,-3265,0.01,32.65,XAUUSD,Sell,3
2026-02-05 03:16:19,2026-02-05 04:57:02,01:40:43,4951.19,4846.78,-10441,3,31323,XAUUSD,Sell,3
2026.02.02 01:18:08,2026-02-02 02:05:59,00:47:51,4729.04,4784.85,-9,3,$16743,XAUUSD,Buy,
2026.02.02 02:06:22,2026-02-03 01:15:43,09:09:21,4781.14,4717.3,-9,3,$19182,XAUUSD,Sell,
2026.02.02 02:38:10,2026-02-02 02:39:09,,4830.74,4828.84,-0.03,0.01,$570,XAUUSD,,
2026.02.02 03:11:34,2026-02-02 04:33:32,,4625.23,4766.64,-9,3,$42423,XAUUSD,Buy,
2026.02.02 05:16:46,2026-02-02 11:30:18,,4680.19,4685.22,-9,3,$1509,XAUUSD,Buy,
2026.02.02 12:05:45,2026-02-02 18:00:59,,4716.63,4611.65,-9,3,$31530,XAUUSD,Sell,
2026.02.02 18:04:21,2026-02-03 01:59:11,,4637.82,4771.44,-9,3,$40086,XAUUSD,Buy,
2026.02.03 01:15:52,2026-02-05 03:15:59,2 days 02:00:07,4718.22,4956.02,-9,3,$71340,XAUUSD,Buy,
2026.02.03 02:31:30,2026-02-03 04:44:58,,4828.1,4759.04,-9,3,$20718,XAUUSD,Sell,
2026.02.03 04:52:03,2026-02-03 06:16:09,,4760.77,4810.55,-9,3,$14934,XAUUSD,Buy,
2026.02.03 08:49:12,2026-02-03 22:18:56,,4880.68,4931.98,-9,3,$-15390,XAUUSD,Sell,
2026.02.03 12:37:02,2026-02-04 01:36:57,13:00:55,4917.87,4933.7,-9,3,$-4749,XAUUSD,Sell,
2026.02.03 22:20:29,2026-02-03 23:01:00,,4935.4,4942.7,-9,3,$2190,XAUUSD,Buy,
2026.02.04 03:58:43,2026-02-04 04:02:30,,5039.1,5060.07,-3,1,$-2097,XAUUSD,Sell,
2026.02.04 07:54:30,2026-02-04 08:15:15,,5084.73,5057.36,-3,1,$2737,XAUUSD,Sell,
2026.02.04 11:49:46,2026-02-04 12:24:35,,5055.3,5044.47,-3,1,$-1030,XAUUSD,Buy,
2026.02.04 11:53:12,2026-02-04 12:24:35,,5062.76,5044.47,-3,1,$-1776,XAUUSD,Buy,
2026.02.04 16:19:03,2026-02-04 17:06:10,00:47:07,5037.91,4996.61,-9,3,$12390,XAUUSD,Sell,
2026.02.05 03:16:19,2026-02-05 04:57:02,01:40:43,4951.19,4846.78,-9,3,$31323,XAUUSD,Sell,
2026-02-02 08:22:35,2026-02-02 13:01:05,04:38:30,1933.06,2056.37,12331,2,24662,XPTUSD,Buy,8
2026-02-02 15:59:25,2026-02-02 17:52:31,01:53:06,2146.25,2121.56,-247.69,3,7407,XPTUSD,Sell,15
2026-02-02 17:49:53,2026-02-03 08:30:56,14:41:03,2115.61,2192.65,7704,3,23112,XPTUSD,Buy,17
2026-02-03 01:15:56,2026-02-03 12:36:53,11:20:57,2170.38,2243.41,7303,3,21909,XPTUSD,Buy,1
2026-02-04 01:37:04,2026-02-04 16:18:53,14:41:49,2219.52,2289.22,6970,3,20910,XPTUSD,Buy,1
2026-02-05 03:16:22,2026-02-05 04:57:03,01:40:41,2239.89,2091.54,-14835,3,44505,XPTUSD,Sell,3
2026.02.02 02:06:04,2026-02-03 01:15:44,09:09:40,2118.76,2170.05,-9,3,$-15387,XPTUSD,Sell,
2026.02.03 01:15:56,2026-02-03 12:36:53,11:20:57,2170.38,2243.41,-9,3,$21909,XPTUSD,Buy,
2026.02.03 12:36:17,2026-02-03 12:36:56,00:00:39,2245.18,2251.44,-9,3,$-1878,XPTUSD,Sell,
2026.02.04 01:37:04,2026-02-04 16:18:53,14:41:49,2219.52,2289.22,-9,3,$20910,XPTUSD,Buy,
2026.02.04 17:06:17,2026-02-05 03:16:00,10:09:43,2268.96,2239.27,-9,3,$-8907,XPTUSD,Buy,
2026.02.05 03:16:22,2026-02-05 04:57:03,01:40:41,2239.89,2091.54,-9,3,$44505,XPTUSD,Sell,
2026.02.02 01:21:09,,,78.8,78.754,,,$-2.3,,,
2026.02.02 01:22:05,2026-02-02 01:21:52,,79.384,85.69,,,$94590,,,
2026.02.02 01:27:51,2026-02-02 02:15:17,,4722.48,4736.65,,,$4428,,,
2026.02.02 01:46:14,2026-02-02 01:32:53,,4749.26,4758.51,,,$2775,,,
2026.02.06 18:42:13,2026-02-06 20:11:17,,4942.69,4970.11,-3,1,$-2731,XAUUSD,Sell,
2026.02.06 15:54:37,2026-02-06 17:54:55,,75.717,75.797,-9,3,$1245,XAGUSD,Buy,
2026.02.06 03:38:03,2026-02-06 15:51:53,,4741.91,4926.33,-9,3,$55323,XAUUSD,Buy,
2026.02.06 03:37:56,2026-02-06 15:51:53,,70.228,75.408,-9,3,$77775,XAGUSD,Buy,
2026.02.06 03:21:33,2026-02-06 03:37:26,,4722.16,4742.64,-9,3,$-6147,XAUUSD,Sell,
2026.02.06 03:21:24,2026-02-06 03:37:29,,69.072,70.346,-9,3,$-19020,XAGUSD,Sell,
2026.02.05 04:04:13,2026-02-06 03:16:21,,4954.3,4759.39,-9,3,$58473,XAUUSD,Sell,
2026.02.05 04:04:00,2026-02-06 03:16:21,,86.571,70.652,-9,3,$238785,XAGUSD,Sell,
2026.02.04 17:31:07,2026-02-05 04:03:37,,88.149,86.618,-9,3,$-22965,XAGUSD,Buy,
2026.02.03 23:13:54,2026-02-04 10:51:45,,25325.8,25328.6,0,3,$83.1,NDX100,Buy,
2026.02.03 22:53:19,2026-02-03 23:26:22,,49269.1,49237.4,0,3,$-951,US30,Buy,
2026.02.03 21:03:39,2026-02-03 21:07:15,,48844.5,48842.4,0,3,$33.3,US30,Sell,
2026.02.03 21:01:04,2026-02-03 21:02:48,,48887.3,48883.5,0,3,$118.5,US30,Sell,
2026.02.03 13:46:47,2026-02-04 15:19:00,,86.105,90.153,-6,2,$40480,XAGUSD,Buy,
2026.02.03 13:46:35,2026-02-03 19:44:42,,25844.8,25237.3,0,3,$-18224.4,NDX100,Buy,
2026.02.03 13:45:38,2026-02-03 19:44:47,,49367.8,49072,0,3,$-8870.1,US30,Buy,
2026.02.03 13:45:28,2026-02-04 15:18:55,,86.087,90.162,-3,1,$20375,XAGUSD,Buy,
2026.02.02 12:39:21,2026-02-03 13:45:12,,48752.9,49367.7,0,3,$-18443.1,US30,Sell,
2026.02.02 09:43:26,2026-02-03 13:45:01,,76.129,86.013,-3,1,$49425,XAGUSD,Buy,
2026.02.02 09:25:58,2026-02-03 13:46:29,,74.418,85.978,-3,1,$57800,XAGUSD,Buy,
2026.02.02 09:25:48,2026-02-03 13:46:21,,74.342,85.949,-3,1,$58035,XAGUSD,Buy,
2026.02.02 09:23:52,2026-02-02 09:42:43,,73.512,76.428,-0.3,0.1,$1458,XAGUSD,Buy,
2026.02.02 09:23:15,2026-02-02 09:42:36,,73.353,76.418,-0.3,0.1,$1543,XAGUSD,Buy,
2026.02.02 08:52:27,2026-02-05 04:03:32,,4466.36,4952.78,-9,3,$145926,XAUUSD,Buy,
2026.02.02 07:13:36,2026-02-02 07:48:58,,4653.61,4548.21,-0.3,0.1,$-1053.9,XAUUSD,Buy,
2026.02.09 10:15:31,2026-02-09 10:17:10,,5020.84,5027.21,-3,1,$-616,XAUUSD,Sell,
2026.02.09 09:31:23,2026-02-09 09:36:00,,1.3597,1.3599,-3,1,$26,GBPUSD,Buy,
2026.02.09 07:23:50,2026-02-09 07:37:51,,5021.4,5036,-3,1,$-1460,XAUUSD,Sell,
2026.02.09 05:07:17,2026-02-09 07:29:30,,5015.89,5033.08,-3,1,$-1711,XAUUSD,Sell,
2026.02.09 05:03:23,2026-02-09 06:39:37,,81.116,81.791,-0.6,0.2,$-664,XAGUSD,Sell,
2026.02.06 20:01:42,2026-02-06 20:11:14,,4960.56,4968.93,-3,1,$-794,XAUUSD,Sell,
2026.02.06 17:53:23,2026-02-06 19:30:37,,4948.5,4968.26,-3,1,$-1750,XAUUSD,Sell,
2026.02.06 15:42:43,2026-02-06 15:49:28,,4933.14,4931.97,-3,1,$117,XAUUSD,Sell,
2026.02.06 14:07:12,2026-02-06 14:44:47,,4897.92,4896.17,-3,1,$192,XAUUSD,Sell,
2026.02.06 13:26:38,2026-02-06 14:46:23,,74.897,74.808,-0.6,0.2,$97,XAGUSD,Sell,
2026.02.06 12:45:08,2026-02-06 13:01:48,,4875.35,4886.66,-3,1,$-994,XAUUSD,Sell,
2026.02.06 10:08:24,2026-02-06 11:07:02,,72.618,73.216,-0.6,0.2,$599,XAGUSD,Buy,
2026.02.06 10:07:16,2026-02-06 11:07:02,,4838.64,4842.89,-3,1,$436,XAUUSD,Buy,
2026.02.06 08:47:33,2026-02-06 08:50:45,,4852.39,4854.48,-3,1,$209,XAUUSD,Buy,
2026.02.06 02:34:18,2026-02-06 03:02:14,,68.3,68.541,-0.6,0.2,$262,XAGUSD,Buy,
2026.02.05 10:40:40,2026-02-05 10:44:40,,80.696,80.65,-1.5,0.5,$115,XAGUSD,Sell,
2026.02.05 10:34:00,2026-02-05 10:40:02,,80.441,80.919,-1.5,0.5,$-1147.5,XAGUSD,Sell,
2026.02.05 10:15:13,2026-02-05 12:01:14,,4941.06,4866.84,-3,1,$7422,XAUUSD,Sell,
2026.02.05 10:11:26,2026-02-05 12:01:14,,4927.38,4866.84,-3,1,$6054,XAUUSD,Sell,
2026.02.05 08:33:59,2026-02-05 08:45:24,,79.107,79.403,-1.5,0.5,$-732.5,XAGUSD,Sell,
2026.02.05 08:16:06,2026-02-05 08:25:08,,78.204,78.291,-1.5,0.5,$240,XAGUSD,Buy,
2026.02.05 05:00:55,2026-02-05 05:01:20,,74.36,75.138,-1.5,0.5,$1945,XAGUSD,Buy,
2026.02.04 15:05:33,2026-02-04 15:25:27,,90.286,90.7,-1.5,0.5,$-985,XAGUSD,Sell,
2026.02.04 12:25:20,2026-02-04 13:15:58,,5046.2,5039.93,-3,1,$-620,XAUUSD,Buy,
2026.02.04 12:21:05,2026-02-04 12:24:53,,5050.2,5042.96,-3,1,$-720,XAUUSD,Buy,
2026.02.04 11:53:12,2026-02-04 12:24:35,,5062.76,5044.47,-3,1,$-1776,XAUUSD,Buy,
2026.02.04 11:49:46,2026-02-04 12:24:35,,5055.3,5044.47,-3,1,$-1030,XAUUSD,Buy,
2026.02.04 07:54:30,2026-02-04 08:15:15,,5084.73,5057.36,-3,1,$2737,XAUUSD,Sell,
2026.02.04 07:35:38,2026-02-04 07:46:50,,1.3716,1.372,-3,1,$-45,GBPUSD,Sell,
2026.02.04 03:58:43,2026-02-04 04:02:30,,5039.1,5060.07,-3,1,$-2097,XAUUSD,Sell,
2026.02.12 11:17:05,2026-02-12 11:50:49,,5072.79,5080.08,-3,1,$-701,XAUUSD,Sell,
2026.02.12 11:06:00,2026-02-12 11:16:14,,5072.45,5079.15,-3,1,$-655,XAUUSD,Sell,
2026.02.11 13:19:51,2026-02-11 13:22:50,,5095.33,5102.96,-3,1,$-667,XAUUSD,Sell,
2026.02.11 11:45:36,2026-02-11 12:40:54,,5065.31,5084.8,-3,1,$-1519,XAUUSD,Sell,
2026.02.11 11:43:15,2026-02-11 12:40:53,,84.724,85.213,-0.6,0.2,$-476,XAGUSD,Sell,
2026.02.11 10:06:15,2026-02-11 11:46:29,,5057.73,5071.4,-3,1,$-1327,XAUUSD,Sell,
2026.02.11 10:04:00,2026-02-11 11:38:15,,83.91,84.513,-0.6,0.2,$-590,XAGUSD,Sell,
2026.02.11 09:12:45,2026-02-11 09:54:45,,83.894,83.855,-0.6,0.2,$44,XAGUSD,Sell,
2026.02.10 20:00:18,2026-02-10 20:01:00,,5028.52,5022.45,-3,1,$-552,XAUUSD,Buy,
2026.02.10 19:28:04,2026-02-10 19:43:08,,5036.36,5035.82,-3,1,$56,XAUUSD,Sell,
2026.02.10 19:25:47,2026-02-10 19:29:28,,5033.01,5039.62,-6,2,$-1298,XAUUSD,Sell,
2026.02.10 17:32:43,2026-02-10 19:17:25,,5035.05,5033.21,-6,2,$410,XAUUSD,Sell,
2026.02.10 17:03:43,2026-02-10 17:29:35,,5034.34,5034.85,-6,2,$132,XAUUSD,Buy,
2026.02.10 16:55:42,2026-02-10 17:00:53,,5044.32,5031.72,-6,2,$-2464,XAUUSD,Buy,
2026.02.10 14:54:26,2026-02-10 16:48:02,,5024.93,5031.98,-3,1,$707,XAUUSD,Buy,
2026.02.10 14:50:47,2026-02-10 14:53:39,,5028.14,5021.99,-3,1,$-614,XAUUSD,Buy,
2026.02.10 08:11:16,2026-02-10 08:17:43,,5040.62,5033.99,-3,1,$-662,XAUUSD,Buy,
2026.02.13 03:20:17,2026-02-13 03:23:26,,4971.75,4979.95,-3,1,$-721,XAUUSD,Sell,
2026.02.13 03:13:13,2026-02-13 03:15:18,,4962.97,4970.41,-6,2,$-1438,XAUUSD,Sell,
2026.02.13 03:05:04,2026-02-13 03:11:10,,4955.66,4968.3,-6,2,$-2492,XAUUSD,Sell,
2026.02.12 18:26:09,2026-02-12 18:28:15,,4901.71,4887.29,-1.5,0.5,$-713,XAUUSD,Buy,
2026.02.12 18:15:14,2026-02-12 18:17:32,,4962.13,4936.09,-3,1,$-2506,XAUUSD,Buy,
2026.02.12 18:14:07,2026-02-12 18:14:37,,4987.94,4958.46,-6,2,$-5406,XAUUSD,Buy,
2026.02.12 17:00:13,2026-02-12 17:21:28,,5044.4,5065.14,-6,2,$4000,XAUUSD,Buy,
2026.02.12 16:56:41,2026-02-12 16:56:58,,5049.56,5040.45,-3,1,$-567,XAUUSD,Buy,
2026.02.12 16:52:14,2026-02-12 16:56:58,,5055.49,5040.45,-6,2,$-2182,XAUUSD,Buy,
2026.02.12 06:07:00,2026-02-12 07:06:21,,5057.86,5074.06,-6,2,$3006,XAUUSD,Buy,
2026.02.12 03:48:24,2026-02-12 03:49:18,,83.095,83.032,-1.5,0.5,$-157.5,XAGUSD,Buy,
2026.02.11 18:01:05,2026-02-11 18:02:04,,5060.11,5064.86,-3,1,$-467,XAUUSD,Sell,
2026.02.11 17:39:43,2026-02-11 17:45:35,,5043.74,5054.76,-9,3,$-3306,XAUUSD,Sell,
2026.02.11 17:26:51,2026-02-11 17:27:57,,5051.11,5045.43,-9,3,$-1533,XAUUSD,Buy,
2026.02.11 17:21:49,2026-02-11 17:23:51,,5066.74,5066.01,-9,3,$219,XAUUSD,Sell,
2026.02.11 17:10:54,2026-02-11 17:11:35,,5079.31,5076.45,-9,3,$858,XAUUSD,Sell,
2026.02.11 16:49:10,2026-02-11 16:51:11,,83.49,83.725,-3,1,$1175,XAGUSD,Buy,
2026.02.11 16:43:30,2026-02-11 16:47:24,,5041.97,5051.43,-9,3,$-2757,XAUUSD,Sell,
2026.02.11 15:53:10,2026-02-11 15:55:17,,5064.76,5070.9,-3,1,$-578,XAUUSD,Sell,
2026.02.11 15:51:34,2026-02-11 15:52:47,,5063.17,5063.18,-3,1,$3,XAUUSD,Buy,
2026.02.11 15:50:10,2026-02-11 15:51:05,,5067.58,5065.43,-3,1,$215,XAUUSD,Sell,
2026.02.11 15:48:23,2026-02-11 15:50:03,,5061.12,5068.6,-3,1,$748,XAUUSD,Buy,
2026.02.11 15:40:25,2026-02-11 15:47:50,,5062.21,5061.71,-3,1,$58,XAUUSD,Sell,
2026.02.11 15:34:31,2026-02-11 15:35:49,,5047.47,5044.03,-9,3,$987,XAUUSD,Sell,
2026.02.11 04:50:02,2026-02-11 05:21:02,,5053.14,5052.46,-9,3,$207,XAUUSD,Sell,
2026.02.10 18:05:36,2026-02-10 18:07:33,,5013.96,5006.89,-3,1,$-639,XAUUSD,Buy,
2026.02.10 08:30:04,2026-02-10 08:32:22,,5032.83,5029.36,-9,3,$-1008,XAUUSD,Buy,
2026.02.10 08:24:41,2026-02-10 08:26:11,,5035.66,5031.24,-9,3,$-1242,XAUUSD,Buy,
2026.02.10 08:15:20,2026-02-10 08:22:04,,5037.07,5036.79,-9,3,$114,XAUUSD,Sell,
2026.02.10 08:09:29,2026-02-10 08:12:09,,5042.12,5036.14,-9,3,$-1794,XAUUSD,Buy,
2026.02.10 07:55:09,2026-02-10 08:07:32,,5039.09,5044.53,-9,3,$-1119,XAUUSD,Sell,
2026.02.10 07:50:08,2026-02-10 07:53:02,,5034.2,5041.15,-9,3,$-1293,XAUUSD,Sell,
2026.02.10 07:45:47,2026-02-10 07:47:29,,5032.79,5036.15,-9,3,$-1005,XAUUSD,Sell,
2026.02.10 07:38:53,2026-02-10 07:45:23,,5022.75,5033.38,-9,3,$3189,XAUUSD,Buy,
2026.02.10 05:20:25,2026-02-10 05:28:48,,5021.35,5021.47,-9,3,$96,XAUUSD,Buy,
2026.02.10 05:07:11,2026-02-10 05:14:55,,5034.64,5027.27,-9,3,$-1734,XAUUSD,Buy,
2026.02.10 05:01:22,2026-02-10 05:05:03,,5038.6,5032.52,-9,3,$-1722,XAUUSD,Buy,
2026.02.10 04:56:06,2026-02-10 04:57:59,,5045.23,5044.69,-9,3,$81,XAUUSD,Buy,
2026.02.10 04:53:22,2026-02-10 04:54:14,,5041.45,5045.62,-9,3,$-1251,XAUUSD,Sell,
2026.02.10 04:10:06,2026-02-10 04:11:46,,5044.38,5044.2,-9,3,$87,XAUUSD,Sell,
2026.02.10 04:04:31,2026-02-10 04:07:19,,5037.08,5042.42,-9,3,$1602,XAUUSD,Buy,
2026.02.10 03:44:09,2026-02-10 03:49:39,,5026.01,5033.06,-9,3,$2064,XAUUSD,Buy,
2026.02.10 03:30:13,2026-02-10 03:34:36,,5018.66,5024.57,-9,3,$1773,XAUUSD,Buy,
2026.02.10 03:09:56,2026-02-10 03:21:13,,81.707,81.046,-3,1,$-3295,XAGUSD,Buy,
2026.02.10 03:00:43,2026-02-10 03:05:01,,5022.26,5022.68,-9,3,$135,XAUUSD,Buy,
2026.02.10 02:49:05,2026-02-10 03:00:07,,5015.49,5024.85,-9,3,$-2688,XAUUSD,Sell,
2026.02.10 02:40:08,2026-02-10 02:46:11,,5019.21,5019.5,-9,3,$144,XAUUSD,Buy,
2026.02.10 02:35:49,2026-02-10 02:38:16,,5029.92,5022.43,-9,3,$2247,XAUUSD,Sell,
2026.02.10 02:29:47,2026-02-10 02:35:12,,5033.27,5037.86,-9,3,$1377,XAUUSD,Buy,
2026.02.10 02:29:16,2026-02-10 02:29:41,,5037.52,5032.52,-9,3,$-1308,XAUUSD,Buy,
2026.02.10 02:25:04,2026-02-10 02:27:29,,5042.51,5038.75,-9,3,$1128,XAUUSD,Sell,
2026.02.10 02:03:54,2026-02-10 02:05:05,,5042.58,5041.83,-3,1,$75,XAUUSD,Sell,
2026.02.10 01:54:50,2026-02-10 02:00:37,,5036.59,5041.35,-3,1,$-473,XAUUSD,Sell,
2026.02.10 01:45:17,2026-02-10 01:53:44,,5040.11,5039.06,-3,1,$112,XAUUSD,Sell,
2026.02.10 01:35:56,2026-02-10 01:42:10,,5022.71,5025.35,-3,1,$264,XAUUSD,Buy,
2026.02.10 01:31:30,2026-02-10 01:34:08,,5015.12,5021.82,-3,1,$670,XAUUSD,Buy,
2026.02.10 01:30:19,2026-02-10 01:31:12,,5022.44,5015.87,-3,1,$661,XAUUSD,Sell,
2026.02.10 01:16:57,2026-02-10 01:28:06,,5020.13,5020.68,-3,1,$73,XAUUSD,Sell,
2026.02.09 22:37:34,2026-02-09 22:41:09,,83.563,83.998,-9,3,$-6525,XAGUSD,Sell,
2026.02.09 22:36:51,2026-02-09 22:41:09,,5074.84,5079.95,-9,3,$-1533,XAUUSD,Sell,
2026.02.09 17:33:10,2026-02-09 20:19:00,,82.262,82.276,-3,1,$195,XAGUSD,Buy,
2026.02.09 17:32:41,2026-02-09 17:33:20,,81.958,82.288,-6,2,$-3290,XAGUSD,Sell,
2026.02.09 17:20:26,2026-02-09 20:21:17,,81.586,82.024,-6,2,$4450,XAGUSD,Buy,
2026.02.09 17:18:43,2026-02-09 22:41:09,,5026.82,5078.73,-9,3,$15573,XAUUSD,Buy,
2026.02.09 04:42:49,2026-02-09 04:48:35,,4996.05,4995.9,-9,3,$207,XAUUSD,Sell,
2026.02.09 04:12:25,2026-02-09 04:14:12,,4993.61,5001,-9,3,$-2163,XAUUSD,Sell,
2026.02.09 03:45:06,2026-02-09 04:03:57,,5008,4973.04,-9,3,$10488,XAUUSD,Sell,
2026.02.09 03:41:25,2026-02-09 03:43:21,,4993.88,5003.38,-9,3,$-2556,XAUUSD,Sell,
2026.02.09 03:38:49,2026-02-09 03:39:20,,4983.52,4985.65,-9,3,$639,XAUUSD,Buy,
2026.02.09 03:15:05,2026-02-09 03:20:53,,5020.54,5024.05,-9,3,$1053,XAUUSD,Buy,
2026.02.09 03:08:28,2026-02-09 03:11:32,,5014.1,5010.22,-3,1,$388,XAUUSD,Sell,
2026.02.09 03:05:45,2026-02-09 03:07:16,,5026.67,5007.53,-3,1,$-1706,XAUUSD,Buy,
2026.02.09 01:48:50,2026-02-09 03:02:01,,5038.86,5037.36,-3,1,$201,XAUUSD,Sell,
2026.02.06 20:54:29,2026-02-06 22:38:20,,1.3616,1.3615,-15,5,$50,GBPUSD,Sell,
2026.02.06 20:52:45,2026-02-06 22:44:52,,24998.8,25046.8,0,3,$-1439.4,NDX100,Sell,
2026.02.06 20:50:53,2026-02-06 22:44:52,,4966.94,4944.99,-9,3,$6585,XAUUSD,Sell,
2026.02.06 20:08:16,2026-02-06 22:44:52,,77.715,77.261,-6,2,$4540,XAGUSD,Sell,
2026.02.06 20:05:03,2026-02-06 22:44:52,,77.833,77.261,-3,1,$2860,XAGUSD,Sell,
2026.02.06 02:12:40,2026-02-06 02:15:55,,65.19,64.444,-9,3,$-10035,XAGUSD,Buy,
2026.02.04 16:22:34,2026-02-06 02:07:16,,91.332,65.073,-3,1,$131270,XAGUSD,Sell,
2026.02.04 16:21:51,2026-02-06 02:07:16,,5040.76,4686.68,-6,2,$70816,XAUUSD,Sell,
2026.02.04 16:20:30,2026-02-06 02:07:16,,91.543,65.073,-3,1,$132325,XAGUSD,Sell,
2026.02.04 16:19:44,2026-02-06 02:07:16,,5041.03,4686.68,-3,1,$35435,XAUUSD,Sell,
2026.02.04 16:18:50,2026-02-06 02:07:16,,91.284,65.073,-3,1,$131055,XAGUSD,Sell,
2026.02.09 08:32:07,2026-02-09 08:41:48,,5028.74,5026,-0.03,0.01,$-2.63,XAUUSD,Buy,
2026.02.06 14:55:23,2026-02-06 14:57:46,,4899.42,4899.42,-4.5,1.5,$0,XAUUSD,Sell,
2026.02.06 03:39:23,2026-02-06 03:46:32,,4741.48,4746.52,-9,3,$-1497,XAUUSD,Sell,
2026.02.04 06:45:25,2026-02-04 06:59:27,,5071.31,5081.2,-9,3,$-2955,XAUUSD,Sell,
2026.02.04 05:25:33,2026-02-04 05:41:22,,5044.53,5072.82,-9,3,$-8481,XAUUSD,Sell,
2026.02.04 02:13:32,2026-02-04 02:55:01,,4975.12,5007.57,-9,3,$-9600,XAUUSD,Sell,
2026.02.03 08:34:01,2026-02-03 09:40:09,,84.75,86.719,-9,3,$-29535,XAGUSD,Sell,
2026.02.03 08:33:51,2026-02-03 09:40:09,,4872.17,4932.07,-9,3,$-17970,XAUUSD,Sell,
2026.02.09 06:17:32,2026-02-09 06:17:41,,5022.71,5022.73,-0.03,0.01,$0.02,XAUUSD,Buy,
2026.02.06 06:30:27,2026-02-06 06:41:45,,72.982,72.377,-3,1,$-3025,XAGUSD,Buy,
2026.02.06 06:30:06,2026-02-06 06:33:35,,4828.09,4824.64,-3,1,$-345,XAUUSD,Buy,
2026.02.05 06:22:40,2026-02-05 06:23:14,,77.86,77.529,-9,3,$-4740,XAGUSD,Buy,
2026.02.05 03:47:57,2026-02-05 03:48:03,,4976.88,4977.25,-0.03,0.01,$0.37,XAUUSD,Buy,
2026.02.03 07:36:49,2026-02-03 19:00:30,,2165.05,2225.36,-9,3,$18141,XPTUSD,Buy,
2026.02.02 09:56:10,2026-02-04 09:48:18,,76.718,90.195,-9,3,$202155,XAGUSD,Buy,
2026.02.02 09:40:23,2026-02-04 09:48:18,,4570.06,5086.55,-9,3,$154956,XAUUSD,Buy,
2026.02.02 09:40:19,2026-02-02 09:50:29,,76.009,77.731,-9,3,$25830,XAGUSD,Buy,
2026.02.12 16:59:45,2026-02-12 16:59:53,,1.3664,1.3664,-0.03,0.01,$0,GBPUSD,Buy,
2026.02.11 09:35:33,2026-02-11 09:36:09,,1.3668,1.3667,-0.03,0.01,$-0.1,GBPUSD,Buy,
2026.02.10 22:22:07,2026-02-10 22:24:30,,1.3657,1.3655,-0.03,0.01,$-0.22,GBPUSD,Buy,
2026.02.10 09:57:41,2026-02-10 09:58:37,,81.802,81.669,-9,3,$-1995,XAGUSD,Buy,
2026.02.09 06:04:02,2026-02-09 06:04:24,,5016.27,5018.84,-9,3,$771,XAUUSD,Buy,
2026.02.06 19:35:12,2026-02-06 19:35:20,,76.863,76.985,-9,3,$-1830,XAGUSD,Sell,
2026.02.06 19:34:44,2026-02-06 19:52:28,,4961.97,4958.92,-1.5,0.5,$-152.5,XAUUSD,Buy,
2026.02.06 19:34:40,2026-02-06 19:52:28,,4962.04,4958.92,-7.5,2.5,$-780,XAUUSD,Buy,
2026.02.06 19:34:35,2026-02-06 19:52:28,,77.043,77.206,-9,3,$2445,XAGUSD,Buy,
2026.02.06 17:51:44,2026-02-06 17:51:56,,76.405,76.442,-9,3,$555,XAGUSD,Buy,
2026.02.06 17:21:27,2026-02-06 17:22:19,,4943.55,4949.27,-7.5,2.5,$1432.5,XAUUSD,Buy,
2026.02.06 17:21:22,2026-02-06 17:22:19,,4942.08,4949.27,-1.5,0.5,$360,XAUUSD,Buy,
2026.02.06 17:21:12,2026-02-06 17:22:19,,76.338,76.627,-9,3,$4335,XAGUSD,Buy,
2026.02.06 16:50:54,2026-02-06 16:57:53,,4942.82,4949.75,-1.5,0.5,$-346.5,XAUUSD,Sell,
2026.02.06 16:49:27,2026-02-06 16:57:53,,4938.93,4949.75,-1.5,0.5,$-541,XAUUSD,Sell,
2026.02.06 16:49:08,2026-02-06 16:57:53,,4936.61,4949.75,-1.5,0.5,$-657,XAUUSD,Sell,
2026.02.06 16:47:31,2026-02-06 16:57:53,,4935.64,4949.75,-1.5,0.5,$-705.5,XAUUSD,Sell,
2026.02.06 16:46:39,2026-02-06 16:57:52,,4930.93,4949.75,-1.5,0.5,$-941,XAUUSD,Sell,
2026.02.06 12:19:26,2026-02-06 12:21:10,,4867.29,4864.72,-0.3,0.1,$25.7,XAUUSD,Sell,
2026.02.06 12:14:24,2026-02-06 12:14:40,,4875.74,4870.84,-0.3,0.1,$-46.6,XAUUSD,Buy,
2026.02.03 01:24:31,2026-02-03 01:25:47,,82.24,82.085,-9,3,$-2325,XAGUSD,Buy,
2026.02.03 01:24:26,2026-02-03 01:25:47,,4759.28,4760.86,-9,3,$447,XAUUSD,Buy,
2026.02.02 16:42:14,2026-02-02 16:42:27,,4782.72,4770.89,-9,3,$3549,XAUUSD,Sell,
2026.02.02 16:08:23,2026-02-02 16:35:11,,4727.33,4761.91,-4.5,1.5,$5187,XAUUSD,Buy,
2026.02.02 16:26:49,2026-02-02 16:27:24,,4700.62,4709.35,-9,3,$-2619,XAUUSD,Sell,
2026.02.02 16:08:24,2026-02-02 16:36:02,,81.985,82.283,-9,3,$4560,XAGUSD,Buy,
2026.02.02 16:08:23,2026-02-02 16:36:02,,4727.33,4760.97,-4.5,1.5,$5046,XAUUSD,Buy,
2026.02.02 16:05:13,2026-02-02 16:06:02,,81.641,81.833,-9,3,$2880,XAGUSD,Buy,
2026.02.02 16:05:13,2026-02-02 16:06:02,,4708.27,4714.9,-9,3,$1956,XAUUSD,Buy,
2026.02.02 15:28:57,2026-02-02 16:01:47,,4738.87,4725.02,-9,3,$-4155,XAUUSD,Buy,
2026.02.02 15:28:56,2026-02-02 16:01:47,,81.015,82.189,-9,3,$17595,XAGUSD,Buy,
2026.02.02 15:14:42,2026-02-02 15:18:10,,82.041,81.432,-9,3,$9135,XAGUSD,Sell,
2026.02.02 15:14:41,2026-02-02 15:18:10,,4779.38,4758.98,-9,3,$6120,XAUUSD,Sell,
2026.02.02 15:08:28,2026-02-02 15:11:23,,4776.17,4799.68,-9,3,$7182,XAUUSD,Buy,
2026.02.02 15:08:27,2026-02-02 15:11:23,,82.412,83.223,-9,3,$13515,XAGUSD,Buy,
2026.02.02 15:04:40,2026-02-02 15:06:51,,4744.82,4759.06,-9,3,$4272,XAUUSD,Buy,
2026.02.02 15:04:39,2026-02-02 15:06:51,,81.655,81.783,-9,3,$1920,XAGUSD,Buy,
2026.02.02 14:08:35,2026-02-02 15:02:18,,4750.52,4735.35,-9,3,$4551,XAUUSD,Sell,
2026.02.02 14:08:32,2026-02-02 15:02:18,,81.911,81.415,-9,3,$7440,XAGUSD,Sell,
2026.02.02 14:08:04,2026-02-02 14:08:22,,82.203,82.064,-9,3,$-2085,XAGUSD,Buy,
2026.02.02 13:25:31,2026-02-02 14:08:22,,4751.52,4752.32,-9,3,$-240,XAUUSD,Sell,
2026.02.02 13:25:30,2026-02-02 14:08:13,,82.837,82.204,-9,3,$9495,XAGUSD,Sell,
2026.02.02 12:14:57,2026-02-02 13:13:57,,4729.99,4741.64,-9,3,$3513,XAUUSD,Buy,
2026.02.02 12:14:57,2026-02-02 13:13:57,,82.252,82.693,-9,3,$6615,XAGUSD,Buy,
2026.02.02 11:59:35,2026-02-02 12:08:35,,4718.48,4709.44,-9,3,$2712,XAUUSD,Sell,
2026.02.02 11:59:34,2026-02-02 12:08:35,,81.938,81.769,-9,3,$2535,XAGUSD,Sell,
2026.02.02 11:59:19,2026-02-02 11:59:23,,81.918,81.931,-9,3,$195,XAGUSD,Buy,
2026.02.02 11:00:45,2026-02-02 11:32:45,,4637.89,4703.33,-9,3,$19632,XAUUSD,Buy,
2026.02.02 11:00:43,2026-02-02 11:32:45,,78.772,79.881,-9,3,$16635,XAGUSD,Buy,
2026.02.02 10:35:12,2026-02-02 10:50:53,,4628.99,4649.27,-9,3,$6081,XAUUSD,Buy,
2026.02.02 09:41:23,2026-02-02 09:47:10,,76.756,77.024,-9,3,$4020,XAGUSD,Buy,
2026.02.02 09:40:20,2026-02-02 09:41:09,,4569.94,4586.37,-9,3,$4929,XAUUSD,Buy,
2026.02.02 09:39:27,2026-02-02 09:41:09,,76.107,76.509,-9,3,$6030,XAGUSD,Buy,
2026.02.02 09:37:39,2026-02-02 09:39:17,,75.521,76.017,-9,3,$7440,XAGUSD,Buy,
2026.02.02 09:35:15,2026-02-02 09:36:41,,74.318,74.709,-9,3,$5865,XAGUSD,Buy,
2026.02.02 09:27:00,2026-02-02 09:35:08,,74.881,74.426,-9,3,$6825,XAGUSD,Sell,
2026.02.02 09:26:15,2026-02-02 09:35:08,,4568.37,4536.57,-9,3,$-9540,XAUUSD,Buy,
2026.02.02 09:26:01,2026-02-02 09:35:08,,4570.78,4536.98,-9,3,$10140,XAUUSD,Sell,
2026.02.02 09:25:00,2026-02-02 09:35:08,,73.879,74.353,-9,3,$7110,XAGUSD,Buy,
2026.02.02 06:14:29,2026-02-02 06:20:08,,78.175,80.118,-9,3,$29040,XAGUSD,Buy,
2026.02.02 06:14:01,2026-02-02 06:46:43,,4654.07,4707.27,-9,3,$15954,XAUUSD,Buy,
2026.02.02 06:12:22,2026-02-02 07:52:59,,76.851,73.32,-9,3,$52230,XAGUSD,Sell,
2026.02.02 06:12:01,2026-02-02 07:44:33,,4648.17,4581.37,-9,3,$19893,XAUUSD,Sell,
2026.02.13 21:28:04,2026-02-13 23:25:13,,5043.1,5032.56,-0.15,0.05,$52.55,XAUUSD,Sell,
2026.02.13 17:41:24,2026-02-13 18:10:32,,5007.07,4989.14,-0.3,0.1,$178.4,XAUUSD,Sell,
2026.02.13 15:40:39,2026-02-13 18:15:43,,4984.4,5000.62,-0.3,0.1,$-161.8,XAUUSD,Sell,
2026.02.13 02:16:12,2026-02-13 15:30:15,,4946.78,4989.64,-0.3,0.1,$-427.6,XAUUSD,Sell,
2026.02.13 01:23:33,2026-02-13 15:30:15,,4920.18,4990.2,-0.45,0.15,$-1043.25,XAUUSD,Sell,
2026.02.13 01:22:06,2026-02-13 15:30:08,,4919.59,4989.44,-0.45,0.15,$-1042.5,XAUUSD,Sell,
2026.02.12 18:40:02,2026-02-12 23:15:52,,4957.35,4919.34,-0.15,0.05,$190.05,XAUUSD,Sell,
2026.02.12 18:40:02,2026-02-13 17:36:51,,4957.35,5020.57,-0.15,0.05,$-313.6,XAUUSD,Sell,
2026.02.12 18:24:12,2026-02-12 18:28:19,,4929.86,4883.85,-0.45,0.15,$-672.9,XAUUSD,Buy,
2026.02.12 02:02:54,2026-02-12 18:10:56,,5064.13,5035.98,-1.5,0.5,$-1314,XAUUSD,Buy,
2026.02.12 02:02:33,2026-02-12 18:10:56,,5061.5,5035.98,-1.5,0.5,$-1215,XAUUSD,Buy,
2026.02.12 01:15:08,2026-02-12 02:01:36,,5063.33,5058.26,-1.5,0.5,$-253.5,XAUUSD,Buy,
2026.02.11 02:29:24,2026-02-11 23:21:15,,81.514,84.553,-0.45,0.15,$2279.25,XAGUSD,Buy,
2026.02.11 19:18:17,2026-02-11 23:18:16,,1.1888,1.1872,-15,5,$820,EURUSD,Sell,
2026.02.11 19:17:50,2026-02-11 23:21:04,,5089.87,5092.32,-0.9,0.3,$73.5,XAUUSD,Buy,
2026.02.11 19:17:26,2026-02-11 19:18:07,,1.1889,1.1889,-9,3,$15,EURUSD,Sell,
2026.02.11 15:24:06,2026-02-11 19:15:51,,5084.3,5085.15,-0.75,0.25,$21.25,XAUUSD,Buy,
2026.02.11 16:37:22,2026-02-11 19:16:03,,5062.99,5085.22,-1.35,0.45,$1000.35,XAUUSD,Buy,
2026.02.11 15:41:05,2026-02-11 19:17:39,,5058.37,5089.18,-0.45,0.15,$454.05,XAUUSD,Buy,
2026.02.11 15:33:31,2026-02-11 16:37:16,,5042.83,5063.17,-0.45,0.15,$305.1,XAUUSD,Buy,
2026.02.11 15:24:06,2026-02-12 02:01:36,,5084.3,5058.26,-1.5,0.5,$-1302,XAUUSD,Buy,
2026.02.11 05:44:24,2026-02-11 19:18:10,,1.191,1.1889,-6,2,$416,EURUSD,Sell,
2026.02.11 05:43:40,2026-02-11 15:38:55,,1.1908,1.1856,-9,3,$1581,EURUSD,Sell,
2026.02.11 03:10:26,2026-02-11 13:29:58,,81.553,85.992,-0.15,0.05,$1109.75,XAGUSD,Buy,
2026.02.11 02:29:24,2026-02-12 02:01:36,,81.514,81.942,-0.3,0.1,$214,XAGUSD,Buy,
2026.02.10 17:40:06,2026-02-10 22:15:00,,5011.18,5026.17,-0.6,0.2,$299.8,XAUUSD,Buy,
2026.02.10 17:39:23,2026-02-10 22:15:00,,5002.61,5026.17,-0.6,0.2,$471.2,XAUUSD,Buy,
2026.02.10 05:16:58,2026-02-10 17:38:25,,5025.44,5004.6,-0.75,0.25,$-504,XAUUSD,Buy,
2026.02.10 04:16:49,2026-02-10 17:39:10,,82.44,81.08,-0.3,0.1,$-680,XAGUSD,Buy,
2026.02.10 04:01:19,2026-02-10 17:39:10,,82.121,81.08,-0.15,0.05,$-260.25,XAGUSD,Buy,
2026.02.10 02:06:11,2026-02-10 17:39:10,,82.434,81.08,-0.15,0.05,$-338.5,XAGUSD,Buy,
2026.02.10 01:21:40,2026-02-10 04:01:11,,81.909,82.043,-0.15,0.05,$33.5,XAGUSD,Buy,
2026.02.09 22:53:59,2026-02-10 01:19:21,,84.062,81.531,-0.45,0.15,$-1898.25,XAGUSD,Buy,
2026.02.09 03:50:16,2026-02-10 01:18:59,,81.017,81.558,-0.75,0.25,$676.25,XAGUSD,Buy,
2026.02.09 03:47:26,2026-02-10 04:16:39,,81.18,82.387,-0.75,0.25,$1508.75,XAGUSD,Buy,
2026.02.09 03:46:31,2026-02-09 03:47:46,,4996.48,4995.55,-0.75,0.25,$23.25,XAUUSD,Sell,
2026.02.09 01:42:41,2026-02-09 03:39:41,,5040.37,4983.22,-0.75,0.25,$1428.75,XAUUSD,Sell,
2026.02.09 01:42:41,2026-02-09 03:47:43,,5040.37,4994.54,-0.75,0.25,$1145.75,XAUUSD,Sell,
2026.02.09 01:41:44,2026-02-09 03:38:55,,5039.98,4988.54,-1.5,0.5,$2572,XAUUSD,Sell,
2026.02.06 19:35:40,2026-02-06 23:47:54,,4959.91,4961.38,-1.5,0.5,$-73.5,XAUUSD,Sell,
